age_group,income,employment_length,loan_amount,credit_history_length,num_open_accounts,debt_to_income,region,defaulted
26-35,29196.31,7,12156.15,7,3,0.3371,South East,0
65+,30116.15,11,30905.82,0,9,0.23,Midlands,0
51-65,40923.38,12,21789.31,3,3,0.2206,Scotland,0
36-50,51612.58,1,13630.05,5,3,0.1803,North,0
26-35,61444.52,6,9806.04,0,1,0.0,Scotland,0
26-35,30542.78,5,11590.92,8,5,0.1442,North,0
18-25,71868.39,20,19283.17,6,3,0.404,North,0
51-65,40119.78,9,15771.56,0,1,0.4758,Scotland,1
36-50,44615.39,7,9061.89,10,3,0.4617,South East,0
51-65,31550.19,1,13343.69,11,9,0.4091,Midlands,1
18-25,15000.0,9,15785.77,9,4,0.1786,South East,0
65+,60912.82,1,1000.0,6,5,0.1583,Wales,0
51-65,58263.19,4,19581.68,10,4,0.0827,Wales,0
26-35,39936.1,1,5202.79,11,2,0.23,London,0
26-35,46205.83,11,3466.68,9,3,0.3105,North,0
26-35,54286.91,2,1000.0,3,4,0.1791,Wales,0
26-35,16874.17,4,1000.0,9,5,0.3517,South East,0
36-50,35477.05,22,1445.52,13,4,0.3782,Midlands,0
36-50,59296.76,2,7909.79,5,5,0.2431,Wales,0
26-35,22422.79,7,34532.59,18,4,0.1392,London,0
36-50,50284.04,5,9741.2,5,4,0.4657,North,0
18-25,20581.53,0,16777.5,8,5,0.3042,South East,1
26-35,53395.74,15,19004.81,4,5,0.5329,Wales,0
26-35,44358.45,0,16310.65,9,3,0.3111,Wales,0
36-50,15927.63,6,14225.57,0,3,0.3195,Wales,0
51-65,65965.31,8,3047.06,5,2,0.1843,Midlands,0
26-35,31777.35,9,29509.28,2,1,0.2492,Scotland,0
36-50,30415.46,11,33071.97,8,6,0.1129,Scotland,0
36-50,48610.25,2,1000.0,12,3,0.1388,South East,0
18-25,65675.47,0,4759.71,11,3,0.3889,Scotland,0
36-50,26715.21,12,12201.9,0,3,0.2661,London,0
26-35,46110.24,7,5354.62,18,5,0.2493,North,0
18-25,52718.7,18,20059.66,9,4,0.2111,South East,0
65+,57475.9,17,7717.28,4,6,0.2537,London,0
65+,48175.95,18,36650.56,8,3,0.436,London,0
51-65,38393.5,6,26905.49,8,1,0.3173,North,0
26-35,30103.38,4,17125.74,4,3,0.1584,South East,1
18-25,46550.59,15,25269.86,8,7,0.4236,North,0
36-50,25701.5,6,26059.0,4,5,0.507,London,0
36-50,15000.0,2,9360.53,5,4,0.3594,South East,0
18-25,52858.08,19,6837.83,4,6,0.407,Midlands,1
36-50,61270.83,21,15781.43,0,6,0.4465,North,0
18-25,15000.0,6,23616.36,8,2,0.1012,South East,0
65+,26824.85,0,16390.6,10,3,0.5237,North,0
26-35,56144.78,4,1000.0,10,6,0.4319,Scotland,0
36-50,82034.92,16,6971.76,12,4,0.3587,North,0
26-35,45374.29,23,14260.27,9,1,0.2849,South East,0
36-50,31895.95,2,14243.34,5,2,0.1395,London,1
36-50,41707.86,0,34725.42,12,5,0.2602,Scotland,0
26-35,69747.78,20,1140.12,1,3,0.3538,London,0
65+,33372.64,4,20055.89,3,5,0.1675,Scotland,0
51-65,30614.54,7,29891.13,3,4,0.2916,Midlands,0
65+,36310.62,34,37714.5,13,5,0.158,Wales,0
51-65,27840.09,0,10956.03,12,5,0.2538,North,0
36-50,47208.07,10,19914.29,10,3,0.1377,Wales,0
65+,74244.21,0,20697.6,13,6,0.1251,South East,0
18-25,50815.43,4,16954.82,3,6,0.3408,North,1
26-35,40457.64,16,14011.55,9,4,0.2304,Midlands,0
18-25,39747.4,5,19359.75,7,2,0.2417,Midlands,0
26-35,16862.57,40,1000.0,12,3,0.224,North,0
26-35,60895.98,8,21820.69,7,5,0.6268,Scotland,0
26-35,43598.93,3,16261.78,6,5,0.3729,Wales,0
51-65,41751.36,2,12775.25,10,3,0.3858,North,1
26-35,102475.94,4,35468.62,12,3,0.207,Midlands,0
26-35,50377.55,4,8250.66,4,3,0.3606,Midlands,0
36-50,31467.76,0,10969.24,7,2,0.2727,North,0
18-25,37325.56,4,34915.53,2,4,0.206,South East,0
51-65,65672.02,6,6679.39,0,1,0.5315,London,0
18-25,47038.87,12,9498.85,9,6,0.3687,South East,0
65+,19111.0,10,13529.75,11,5,0.3627,South East,0
51-65,61546.12,12,23407.34,9,4,0.1834,South East,0
26-35,32973.41,0,17078.03,0,2,0.1476,South East,0
18-25,78719.36,2,2073.75,6,4,0.2931,London,0
51-65,64440.87,10,9678.31,0,5,0.2312,London,0
51-65,36948.21,6,8926.46,14,5,0.3735,Wales,0
51-65,68058.29,0,14227.79,2,5,0.3815,Midlands,0
51-65,46221.4,16,19258.44,14,6,0.3079,Midlands,0
18-25,60349.93,14,19182.06,12,6,0.3993,North,0
26-35,53725.19,7,1000.0,3,4,0.3232,South East,0
18-25,29765.58,0,25639.41,2,4,0.1954,Wales,0
51-65,33416.1,14,17525.69,9,5,0.2762,North,0
36-50,63539.29,8,28845.32,3,6,0.3163,London,0
26-35,38974.04,15,19441.98,8,4,0.4115,Midlands,0
18-25,37734.33,13,26013.23,5,6,0.327,Scotland,0
26-35,27807.79,16,19665.45,0,2,0.2314,Wales,1
26-35,52624.78,7,28462.26,0,3,0.4159,Midlands,0
51-65,82125.45,1,20222.51,9,4,0.3457,North,0
36-50,25784.41,11,14020.85,5,5,0.4855,South East,0
51-65,45435.95,9,37724.35,5,4,0.3105,Wales,0
36-50,70419.97,13,23890.37,11,6,0.1755,South East,0
18-25,43566.45,1,20737.44,13,2,0.4412,Wales,0
51-65,53142.69,2,2236.96,6,7,0.2308,North,0
51-65,25876.92,22,2116.92,6,2,0.3355,North,0
36-50,52709.53,13,17927.15,10,3,0.3223,Midlands,0
51-65,41631.4,23,16455.21,1,7,0.3055,South East,0
36-50,62743.14,14,8858.77,9,2,0.2796,South East,0
36-50,66372.95,9,16409.83,10,3,0.1017,South East,0
36-50,91612.15,10,30886.27,11,2,0.1797,South East,0
18-25,55433.4,21,21954.02,0,5,0.4347,North,0
18-25,50864.33,8,3589.91,4,1,0.3515,South East,0
18-25,48498.92,10,13884.91,3,4,0.5291,London,0
36-50,38643.01,1,6950.34,8,2,0.1755,Wales,0
26-35,51092.71,6,11123.0,10,4,0.2963,Scotland,0
36-50,39682.77,12,10863.84,15,4,0.4396,Wales,0
65+,48032.3,3,10223.54,5,3,0.2321,Wales,0
26-35,68716.76,2,2448.65,5,3,0.2418,South East,0
36-50,26882.23,3,13723.45,13,3,0.2648,Midlands,0
51-65,65517.81,2,9393.92,9,4,0.2466,North,0
26-35,68708.07,2,1000.0,14,4,0.3638,North,0
18-25,42874.77,5,35529.72,9,3,0.0864,London,0
26-35,15000.0,23,25887.7,2,5,0.4971,Scotland,0
26-35,34059.2,7,11236.99,1,3,0.1848,South East,0
65+,68345.9,2,15188.19,0,5,0.0459,South East,0
51-65,44588.37,0,3283.46,11,1,0.2988,Midlands,0
36-50,27012.56,11,31957.23,13,6,0.2547,North,1
51-65,35914.05,4,33972.89,17,6,0.2786,North,0
51-65,60131.16,17,16566.94,12,2,0.3375,London,0
26-35,54841.2,10,25235.31,13,6,0.3774,Scotland,0
51-65,40699.22,15,16752.87,5,6,0.5024,South East,0
36-50,38397.16,3,1632.75,2,4,0.2172,London,0
51-65,37948.35,11,10881.77,12,2,0.3929,Scotland,1
51-65,28396.62,3,16319.28,10,3,0.3851,Wales,0
26-35,74076.76,27,10454.52,8,5,0.0,Scotland,0
18-25,39198.23,10,12813.47,9,3,0.2,Scotland,0
26-35,66908.85,3,14086.0,9,1,0.1456,North,0
36-50,72383.69,3,14191.22,14,3,0.3537,Midlands,0
51-65,62969.6,2,15522.58,14,4,0.3405,London,0
51-65,37230.83,11,4393.95,10,4,0.343,Midlands,0
18-25,52267.14,2,7829.84,12,5,0.2633,Midlands,0
36-50,44564.48,9,2154.16,10,4,0.2754,South East,0
36-50,28733.37,3,24778.16,5,1,0.2966,North,0
26-35,50838.47,10,1000.0,11,4,0.2519,Midlands,0
18-25,23777.28,16,26535.9,1,2,0.3933,London,0
26-35,66378.23,15,28863.49,13,4,0.1716,South East,0
65+,36636.89,14,11978.19,2,2,0.2062,North,0
26-35,48620.87,2,1000.0,9,3,0.3146,London,0
36-50,50099.18,0,11386.89,3,2,0.2558,Scotland,0
51-65,40339.71,12,14358.16,10,4,0.1669,Midlands,0
26-35,55560.49,4,4894.02,7,3,0.3638,Midlands,0
65+,36451.73,5,9847.82,0,6,0.2313,North,1
65+,60683.35,0,30301.95,10,3,0.1986,Scotland,0
26-35,20772.37,3,21649.27,5,6,0.2791,South East,1
36-50,47274.83,0,5754.36,12,2,0.1928,North,0
26-35,79900.72,21,1000.0,8,5,0.2959,Midlands,0
26-35,26994.04,2,11729.83,9,4,0.2568,South East,0
18-25,32800.59,8,12865.43,3,7,0.2385,Scotland,1
36-50,54250.34,0,19961.99,5,4,0.2392,North,0
36-50,48232.47,10,9646.83,5,2,0.4195,North,0
18-25,51311.34,3,20115.0,12,4,0.3443,Scotland,0
26-35,53805.37,22,34351.54,16,8,0.0949,Scotland,0
65+,56424.99,21,23155.01,3,3,0.406,North,1
26-35,64974.6,3,14519.11,13,2,0.362,Scotland,0
18-25,52376.74,23,13168.5,0,5,0.3549,North,0
36-50,40657.36,40,11433.27,2,4,0.4065,North,0
65+,57106.33,17,26806.41,3,2,0.3018,North,0
26-35,79197.87,18,8726.87,1,6,0.3744,North,0
36-50,42612.59,2,15452.23,0,3,0.2443,London,0
51-65,27458.47,8,15511.98,10,2,0.4017,Scotland,0
26-35,64927.45,0,9982.16,6,8,0.3262,Scotland,0
51-65,42833.14,0,1275.34,9,5,0.1348,London,0
26-35,15000.0,40,18229.75,11,4,0.4244,Scotland,0
36-50,60253.59,3,14389.96,9,2,0.2845,London,0
36-50,35364.09,13,20002.4,11,3,0.2678,South East,0
36-50,43370.4,16,9664.0,7,6,0.2469,North,0
18-25,50975.65,19,27208.21,2,1,0.2557,South East,0
51-65,48428.99,40,6232.26,13,3,0.3276,Scotland,0
26-35,57770.13,2,32120.4,5,3,0.1815,Scotland,0
26-35,37161.25,0,1000.0,3,5,0.1118,Midlands,0
18-25,54235.9,5,19347.7,7,1,0.1723,London,0
36-50,40328.16,1,19754.31,3,5,0.3458,South East,1
36-50,58298.59,0,7044.43,5,4,0.2806,North,0
18-25,56076.61,4,19243.94,9,2,0.4336,Wales,0
36-50,28162.1,15,27795.19,9,4,0.2922,North,0
26-35,64547.68,8,1000.0,3,6,0.4011,South East,0
36-50,35352.66,3,20027.45,5,8,0.2169,North,0
26-35,59545.04,10,1000.0,13,3,0.2478,Midlands,0
36-50,51611.17,2,5343.35,10,2,0.3011,North,0
26-35,78087.31,0,31291.66,18,3,0.2824,London,0
65+,40977.61,14,9182.18,13,3,0.2712,North,0
18-25,38712.3,9,3261.2,13,2,0.1953,Midlands,0
26-35,44650.45,14,13020.62,1,1,0.1097,Wales,0
18-25,39542.76,0,35679.06,11,7,0.3757,South East,1
65+,59398.95,18,1000.0,7,5,0.3623,North,0
51-65,15906.41,9,4486.9,5,8,0.2263,Wales,0
26-35,26033.72,8,29974.32,8,3,0.3455,London,0
36-50,25779.55,9,33577.02,12,4,0.28,Wales,0
51-65,62105.54,19,13965.69,10,5,0.4327,North,0
36-50,75791.04,8,2609.47,3,7,0.1425,London,0
36-50,43119.91,8,35958.44,11,5,0.2848,South East,0
26-35,41961.21,40,30944.42,4,1,0.2752,North,0
18-25,46260.94,14,21789.47,9,3,0.3193,London,0
51-65,65913.81,5,6875.98,6,3,0.4845,North,0
65+,28307.64,12,14509.71,6,7,0.2852,South East,0
36-50,49290.64,4,13396.4,11,3,0.3892,North,0
26-35,62553.56,2,18308.51,2,4,0.2823,London,0
26-35,54019.7,9,29510.01,17,1,0.4285,Scotland,0
51-65,48412.47,26,23794.17,0,4,0.3903,Wales,0
51-65,63018.83,26,4226.24,5,3,0.26,Wales,0
51-65,15000.0,4,28764.96,9,4,0.2514,North,0
51-65,57201.76,7,18131.32,10,4,0.3584,London,0
36-50,33226.64,2,21870.66,7,2,0.2214,North,0
18-25,15000.0,40,29665.41,7,6,0.3229,London,0
26-35,54201.65,39,3884.2,10,5,0.2573,London,0
51-65,69725.85,10,14641.74,6,4,0.3442,South East,0
36-50,42525.93,16,9685.45,14,2,0.2807,Midlands,0
18-25,62151.74,12,1000.0,12,5,0.2169,North,0
18-25,74021.01,8,18467.1,12,1,0.4326,North,0
36-50,68668.46,0,40115.57,3,4,0.3287,Midlands,0
18-25,74519.36,6,1000.0,7,5,0.2936,South East,0
26-35,58358.29,11,14677.19,6,1,0.3504,Wales,0
36-50,46357.81,11,21405.43,2,3,0.0995,Midlands,0
36-50,16164.62,4,16230.78,9,1,0.5508,Midlands,1
36-50,40570.88,28,13868.72,5,3,0.303,South East,0
26-35,29821.56,1,2007.84,11,3,0.0644,North,0
51-65,84076.97,6,17327.87,2,1,0.4437,North,0
26-35,41834.06,11,7432.36,16,2,0.2098,South East,0
26-35,47217.69,11,1000.0,3,6,0.4252,London,1
51-65,54926.74,10,26945.92,9,7,0.3146,North,0
36-50,45784.84,3,24583.86,11,2,0.1116,North,0
51-65,75510.92,1,15516.61,5,5,0.3314,South East,0
36-50,33792.31,10,17290.75,12,3,0.3225,Wales,0
36-50,48502.93,9,25743.18,1,5,0.4382,London,0
18-25,31635.53,1,17243.4,15,1,0.3627,Midlands,1
26-35,21239.59,12,24040.18,8,5,0.1513,Wales,0
26-35,33988.16,6,12025.18,5,2,0.4203,Midlands,0
26-35,44333.34,11,28119.84,6,1,0.2503,North,0
65+,37272.56,18,18207.86,12,1,0.5064,Midlands,0
26-35,32536.42,1,16940.52,5,4,0.2574,South East,0
51-65,19686.29,0,2299.39,4,1,0.2746,Wales,0
36-50,43504.1,15,17869.56,6,4,0.2014,Midlands,0
51-65,17915.03,9,6680.45,2,4,0.2402,Scotland,0
36-50,58681.01,12,8617.17,17,2,0.2084,South East,0
36-50,46483.92,18,6846.24,5,3,0.4412,South East,0
36-50,18764.07,16,4337.65,12,3,0.1402,London,0
26-35,39434.24,32,36247.71,9,7,0.3965,North,0
51-65,31461.18,7,28313.39,3,5,0.3994,Midlands,1
26-35,50745.14,6,34203.68,7,5,0.4653,Scotland,1
18-25,69128.11,5,2771.05,11,2,0.3053,Midlands,0
36-50,15000.0,1,15712.54,7,1,0.1768,Wales,1
26-35,47070.47,8,2064.92,13,3,0.2794,South East,0
65+,42117.61,3,8043.05,13,4,0.3714,Scotland,0
65+,57084.12,25,5818.73,12,7,0.3102,North,0
65+,48837.54,8,27395.84,5,3,0.344,North,0
26-35,31464.55,8,11037.7,2,5,0.4638,Scotland,0
18-25,39257.03,4,25683.79,4,3,0.3698,North,1
65+,30671.53,0,21041.21,8,5,0.3238,North,0
36-50,64368.13,0,38036.39,10,3,0.0787,London,0
65+,45383.61,5,1000.0,0,3,0.2059,London,0
65+,79221.43,0,27592.33,7,3,0.2514,Wales,0
51-65,43908.11,9,26464.41,8,2,0.0627,North,0
26-35,32248.68,21,5266.21,6,1,0.1669,North,0
26-35,17753.14,21,25071.33,14,6,0.2678,Midlands,0
51-65,15000.0,10,18361.45,10,5,0.2873,London,0
26-35,16485.55,2,12725.24,14,6,0.3607,London,0
26-35,49808.28,19,6760.65,6,4,0.2754,North,0
36-50,54157.05,21,7808.91,12,2,0.3298,Midlands,0
65+,16538.57,2,35498.12,16,5,0.2499,South East,0
36-50,61110.69,13,15006.83,14,6,0.305,Midlands,0
36-50,36304.9,3,22821.3,2,6,0.3541,London,1
18-25,47642.27,16,7091.01,6,7,0.4767,North,1
36-50,74019.97,40,7201.47,6,5,0.2382,South East,0
65+,61143.11,0,25819.85,10,2,0.3173,North,0
18-25,40166.45,22,1504.24,11,3,0.4043,South East,0
36-50,28958.54,9,10847.86,3,4,0.1272,Midlands,0
51-65,15000.0,36,15340.27,8,4,0.5397,London,0
51-65,32055.24,6,16113.73,0,2,0.4415,London,0
36-50,41199.66,18,13209.07,15,5,0.0946,Midlands,0
51-65,27230.77,0,18958.2,5,4,0.3446,Midlands,0
26-35,42637.37,4,21928.56,8,3,0.2323,North,0
26-35,46383.33,0,22346.38,6,4,0.2523,South East,0
51-65,40952.59,37,5141.96,13,6,0.3421,North,0
51-65,33299.95,16,12158.45,0,3,0.426,Scotland,0
51-65,48035.78,19,26947.63,7,2,0.2441,North,0
65+,52954.93,27,23946.47,7,5,0.2457,London,0
36-50,25372.82,0,1271.41,5,5,0.3447,Midlands,0
36-50,70396.78,4,18514.8,16,5,0.3686,London,0
51-65,43225.41,0,1000.0,3,3,0.1791,South East,0
36-50,45339.29,2,15469.35,11,7,0.5068,Wales,0
51-65,57747.86,2,33977.67,9,3,0.2228,London,0
51-65,49197.89,6,5521.07,14,3,0.4158,Midlands,0
51-65,62156.46,3,6656.77,4,2,0.3542,North,0
26-35,50168.23,1,22640.3,4,5,0.3728,North,0
26-35,33976.13,1,1000.0,13,3,0.2251,Midlands,0
18-25,51507.06,1,8672.45,10,4,0.0931,London,0
36-50,24412.93,36,20964.41,0,4,0.2974,South East,0
18-25,46954.07,14,8657.14,5,4,0.2979,Midlands,0
36-50,44401.86,34,12640.3,9,4,0.185,London,0
36-50,41253.9,5,22441.86,12,5,0.4102,South East,0
26-35,42686.32,3,19215.46,4,4,0.2938,London,0
36-50,15000.0,16,17668.18,0,6,0.2029,London,0
18-25,35122.95,3,11608.78,10,4,0.3702,Midlands,0
18-25,46671.21,3,18700.61,1,1,0.3734,London,0
51-65,47877.42,2,13762.67,0,1,0.214,Midlands,0
26-35,26501.85,1,19578.06,0,3,0.448,North,1
18-25,67782.74,2,10030.68,12,6,0.5692,Scotland,1
36-50,29408.85,4,13174.31,8,4,0.1692,South East,0
51-65,62450.23,11,5100.42,6,1,0.278,South East,0
26-35,52689.5,0,14649.92,14,5,0.3404,London,0
36-50,33367.91,2,6889.99,11,1,0.5736,North,0
18-25,76955.6,16,3859.54,16,3,0.2119,North,0
18-25,23514.54,1,17586.61,1,5,0.1872,London,0
36-50,61544.78,4,17127.4,7,3,0.1864,Wales,0
36-50,63010.48,19,22828.74,0,4,0.4466,London,0
36-50,32928.84,1,10688.74,6,5,0.2151,Midlands,0
51-65,70064.38,0,19080.53,6,5,0.198,North,0
65+,40499.16,6,20507.98,11,2,0.3277,Scotland,0
36-50,50196.49,3,19447.74,8,4,0.337,North,0
26-35,49685.79,8,6743.46,11,4,0.4285,Scotland,0
51-65,42582.44,16,16493.63,11,7,0.311,South East,0
26-35,59594.55,1,18641.4,18,2,0.3299,Scotland,0
36-50,59282.8,8,15071.78,6,1,0.2874,London,0
18-25,15000.0,7,1000.0,3,5,0.1435,Scotland,0
18-25,68478.12,1,16604.9,9,3,0.276,Midlands,0
65+,15075.14,9,37125.31,3,3,0.3075,Scotland,0
51-65,63585.83,3,11399.61,15,7,0.2467,Midlands,0
36-50,65280.69,6,7719.23,6,4,0.1123,North,0
36-50,25362.6,0,18733.49,5,5,0.1638,Midlands,0
26-35,37605.34,6,18123.78,5,5,0.2953,North,0
26-35,25097.32,3,26927.35,11,2,0.4119,London,0
26-35,41131.42,17,2421.32,7,4,0.5019,London,0
36-50,39455.38,0,22313.8,4,7,0.2779,South East,0
51-65,59033.89,5,20904.22,16,3,0.214,London,0
36-50,68585.56,6,13578.53,3,6,0.2553,Scotland,0
26-35,70122.31,12,18386.87,8,8,0.1744,South East,0
65+,34880.98,8,25294.57,11,6,0.3945,Wales,0
51-65,41234.01,11,23723.15,0,3,0.5565,South East,0
36-50,15000.0,15,3569.81,10,4,0.2169,South East,0
36-50,30494.34,19,23201.58,2,2,0.157,North,0
36-50,62367.33,3,14353.11,12,3,0.4208,North,0
26-35,74080.49,7,15728.74,3,5,0.3382,Midlands,0
26-35,22781.72,18,15731.97,11,4,0.3402,Midlands,0
51-65,34335.64,40,13497.57,13,2,0.4906,North,0
18-25,44524.7,22,26917.07,12,4,0.136,South East,0
18-25,50042.9,4,14162.82,9,6,0.1327,Wales,0
18-25,30427.14,2,3804.54,6,6,0.2806,Wales,0
18-25,52633.1,6,11064.7,5,8,0.3076,North,1
51-65,36470.89,13,16786.95,15,1,0.2574,South East,0
51-65,44739.86,6,27292.15,4,5,0.5953,North,1
36-50,54833.12,6,21030.95,2,2,0.2628,London,1
18-25,45115.6,18,6494.65,11,5,0.2339,London,0
36-50,37145.05,4,39851.9,4,1,0.3149,South East,1
36-50,43027.02,19,17647.75,3,2,0.4165,Midlands,0
26-35,43409.47,5,27753.91,0,3,0.2129,Scotland,0
36-50,38339.8,3,13482.86,5,4,0.2824,North,0
26-35,40341.67,6,20333.59,7,1,0.4199,North,0
36-50,73775.65,14,23394.69,9,3,0.4266,Midlands,0
36-50,55096.55,1,27181.95,12,5,0.3261,South East,0
18-25,39681.35,2,25573.68,10,3,0.5902,Midlands,0
26-35,57545.18,30,23721.97,7,5,0.5377,Wales,0
36-50,38991.25,1,11849.13,7,7,0.1313,London,0
36-50,66116.24,8,9282.54,10,3,0.097,Scotland,0
51-65,51653.56,8,18326.08,14,3,0.3955,Midlands,0
36-50,43068.56,6,24331.28,8,6,0.4638,Midlands,1
26-35,53058.9,10,12772.79,5,5,0.273,North,0
18-25,16724.23,2,25651.72,3,3,0.2397,Midlands,1
36-50,24718.19,8,29526.17,0,3,0.2016,Scotland,0
18-25,23509.35,4,5836.79,11,5,0.1598,Wales,0
36-50,47572.98,10,6630.79,10,3,0.4364,Midlands,0
65+,76185.27,1,13596.25,10,1,0.2542,South East,1
36-50,85163.4,8,18076.13,7,5,0.3362,North,0
26-35,56484.92,2,9754.33,15,7,0.0809,Wales,0
36-50,54015.2,3,28522.03,5,3,0.4203,South East,0
36-50,15000.0,2,19240.67,12,1,0.3705,North,0
36-50,35231.87,2,15394.47,7,4,0.1386,North,0
65+,30819.89,17,1000.0,4,4,0.3311,North,0
26-35,33824.74,3,1841.84,10,8,0.3006,London,0
65+,41973.41,26,17810.09,10,3,0.246,North,0
65+,36502.37,35,1000.0,9,4,0.0,Wales,0
26-35,15000.0,8,25126.37,8,4,0.2208,South East,1
18-25,58462.38,1,13418.46,7,8,0.3363,South East,0
18-25,25690.63,4,47430.93,19,3,0.2342,Wales,0
18-25,49306.44,15,38079.16,13,2,0.2734,South East,0
18-25,82333.49,4,13185.51,11,3,0.4796,Scotland,1
36-50,28451.08,0,13936.63,8,5,0.2907,Midlands,0
18-25,15000.0,8,24955.82,13,5,0.0484,South East,0
26-35,39851.92,18,32031.73,10,6,0.2778,Scotland,0
51-65,64817.27,15,1000.0,8,5,0.3119,Midlands,0
18-25,80250.25,1,1000.0,6,5,0.201,Midlands,0
51-65,22868.11,11,8779.65,7,6,0.3882,South East,1
26-35,53940.59,2,20827.38,0,1,0.1245,North,0
18-25,36624.41,2,19968.74,9,3,0.2835,South East,0
36-50,43092.93,20,25697.71,5,1,0.1231,Midlands,0
36-50,92598.18,2,3003.02,15,6,0.2645,Wales,0
51-65,17946.53,3,1000.0,8,1,0.385,South East,0
51-65,49567.31,0,23580.14,2,7,0.2806,North,0
51-65,53418.48,20,6718.04,7,3,0.2736,South East,0
26-35,64544.15,15,1000.0,2,3,0.3033,North,0
26-35,46763.7,9,16450.64,10,3,0.3093,London,0
51-65,50544.91,13,22931.76,9,3,0.3833,Wales,0
51-65,37950.33,1,13779.43,12,4,0.384,Midlands,0
65+,49844.28,6,10421.52,4,5,0.4706,South East,0
36-50,38822.54,4,13406.38,8,4,0.3201,London,0
26-35,56188.29,0,11294.17,1,2,0.1007,South East,1
51-65,38347.01,6,1519.53,11,3,0.403,Midlands,1
26-35,51787.81,25,7853.19,10,4,0.462,South East,0
65+,44473.27,0,20212.8,10,2,0.5954,Scotland,0
51-65,65268.9,3,18216.79,8,3,0.4742,Midlands,0
36-50,44074.91,2,16680.6,10,1,0.2412,South East,0
51-65,15000.0,2,5048.52,16,8,0.3225,North,0
51-65,67714.59,23,13184.97,6,4,0.2675,North,0
18-25,28696.82,6,1000.0,8,3,0.2512,South East,0
65+,33232.21,6,16784.77,2,8,0.2864,South East,1
36-50,34278.1,14,29288.58,3,5,0.4543,London,0
51-65,69739.89,1,1000.0,8,3,0.1093,North,0
26-35,15000.0,6,9140.72,13,5,0.1797,North,0
51-65,101479.47,5,18291.07,6,1,0.4463,Midlands,0
26-35,64009.02,9,27528.43,6,4,0.4744,Scotland,0
18-25,49018.3,40,10517.75,5,3,0.2209,Scotland,0
65+,44011.91,14,8077.5,5,1,0.4981,North,0
18-25,50139.97,5,1000.0,9,3,0.4171,Scotland,0
26-35,54380.2,17,16034.38,0,4,0.2679,South East,0
65+,56613.88,1,35420.76,14,1,0.0078,London,0
65+,55000.88,0,17773.58,4,6,0.0998,South East,0
36-50,46612.45,2,14777.21,11,2,0.221,London,0
36-50,41447.91,4,18220.82,1,4,0.3912,Midlands,0
36-50,42277.08,7,14889.08,11,4,0.3916,Wales,0
26-35,41491.65,9,6869.86,11,6,0.244,London,1
26-35,65407.86,24,23232.8,9,3,0.2722,London,0
36-50,55684.02,7,17257.62,3,3,0.2961,Midlands,0
51-65,15000.0,6,15176.13,9,2,0.2738,Wales,1
51-65,56806.21,0,5246.34,2,7,0.3196,South East,0
51-65,48505.25,0,28035.08,6,2,0.2964,Midlands,0
18-25,44663.24,8,21647.03,13,4,0.0991,London,0
36-50,38006.67,5,9470.79,11,5,0.2751,London,0
18-25,65234.03,18,25018.25,8,2,0.2973,Wales,0
36-50,62055.48,1,10024.29,3,5,0.4188,Wales,0
36-50,31088.2,0,7179.97,11,5,0.2002,London,1
51-65,52326.94,5,7402.97,8,3,0.3245,Wales,0
26-35,27510.18,2,1000.0,0,4,0.3675,North,0
18-25,20166.87,0,19715.42,11,4,0.2822,Scotland,0
18-25,33719.09,12,1000.0,7,2,0.0894,Midlands,0
51-65,60523.08,1,2715.56,14,3,0.4212,Midlands,0
36-50,62156.25,9,1000.0,2,3,0.3897,Midlands,0
18-25,54235.54,3,14139.3,0,3,0.3275,North,1
18-25,58051.72,1,13496.8,9,6,0.3048,London,1
51-65,54291.21,4,11733.04,9,1,0.0862,London,0
18-25,33453.33,16,4574.22,0,2,0.393,South East,0
51-65,52774.61,4,3277.66,3,3,0.4784,North,0
51-65,59407.37,13,19643.7,21,1,0.1664,South East,0
18-25,58577.24,1,9494.48,6,6,0.4614,North,0
18-25,66400.44,14,18163.58,11,4,0.4358,Wales,0
65+,57749.47,2,6147.51,4,3,0.1628,London,0
26-35,51326.07,11,16810.63,0,9,0.2527,North,0
26-35,64262.7,8,28032.78,7,5,0.1325,Midlands,0
51-65,44522.62,26,20861.66,6,6,0.2922,Scotland,0
65+,29126.26,4,10875.86,6,5,0.3538,South East,1
65+,42064.79,0,17571.99,7,3,0.1415,North,0
51-65,31591.75,0,12593.35,9,4,0.3463,Scotland,0
26-35,32846.79,17,15078.8,7,5,0.3767,Wales,0
18-25,42398.66,7,11743.89,1,7,0.3784,North,0
51-65,30736.44,14,13356.65,10,1,0.3545,Midlands,0
36-50,39456.69,2,17120.93,0,6,0.1526,North,0
36-50,15000.0,4,5066.41,0,3,0.2854,Scotland,0
65+,48839.29,0,4841.21,11,5,0.3423,Midlands,0
18-25,45021.7,32,1114.57,10,3,0.4753,London,0
36-50,30292.4,11,1000.0,7,5,0.3003,Wales,0
18-25,56866.42,27,2827.17,1,4,0.3511,North,0
36-50,61876.26,3,16594.63,4,6,0.1882,North,0
18-25,16063.92,9,6072.12,6,4,0.1614,South East,0
18-25,31270.95,11,20136.14,0,6,0.146,North,0
18-25,31155.44,3,15347.14,4,5,0.2496,Midlands,1
36-50,28081.74,18,1000.0,11,2,0.5474,North,1
51-65,59930.55,29,21549.76,15,1,0.2518,London,0
36-50,41511.13,21,23107.99,5,1,0.3438,North,0
65+,40238.73,13,5061.37,11,3,0.3669,Wales,0
26-35,15000.0,3,19201.92,0,5,0.169,London,0
26-35,56437.52,3,6435.02,11,3,0.2478,Wales,0
51-65,22693.35,33,15976.7,3,5,0.3749,Midlands,0
26-35,46078.79,0,2355.02,9,4,0.3514,Scotland,0
65+,49992.78,12,1000.0,6,3,0.0607,North,0
18-25,69491.85,12,11171.83,14,6,0.3713,Midlands,0
65+,21441.23,9,13762.71,3,5,0.2339,North,0
18-25,15000.0,40,11023.2,11,6,0.237,Scotland,0
51-65,48309.29,3,3159.69,6,2,0.3486,Midlands,0
36-50,77409.2,4,11001.01,7,5,0.4828,South East,0
65+,67301.03,0,17692.95,7,6,0.2759,North,1
18-25,48773.87,5,14551.07,3,3,0.4415,Scotland,1
36-50,36150.55,3,16825.01,7,5,0.1271,North,0
65+,59528.21,4,8298.85,7,5,0.3157,North,1
36-50,27476.17,17,26717.18,9,6,0.2351,Midlands,0
36-50,53574.44,27,3238.27,8,3,0.3338,Scotland,0
36-50,54098.46,2,19875.6,11,6,0.2644,London,0
36-50,64083.78,4,26818.91,12,11,0.1391,Midlands,0
36-50,94673.88,26,19809.08,2,5,0.1935,London,0
36-50,52063.49,0,12974.76,12,6,0.1028,South East,0
65+,35838.65,0,9717.03,2,5,0.1432,Midlands,0
18-25,44539.66,1,25360.88,10,5,0.3576,Midlands,0
26-35,15000.0,9,1000.0,11,2,0.2699,North,0
65+,32495.16,1,5298.76,0,10,0.3277,Midlands,0
51-65,37632.92,34,11024.42,8,2,0.5179,Midlands,0
36-50,35566.41,5,27376.54,5,2,0.2645,South East,0
36-50,47742.39,6,18797.68,4,2,0.3761,Midlands,0
26-35,30196.44,2,5319.54,14,3,0.3034,South East,0
26-35,65178.55,6,11896.92,4,3,0.6315,London,1
36-50,45003.73,10,8856.77,3,3,0.0,North,0
26-35,44832.59,13,7902.11,8,3,0.2139,North,0
36-50,39097.9,14,24788.9,11,7,0.3785,North,0
18-25,47793.43,8,1282.57,7,5,0.2097,Midlands,0
65+,59851.77,23,31087.81,13,6,0.3679,Midlands,0
65+,29391.66,17,23282.3,10,1,0.2928,Scotland,0
36-50,33153.9,14,25908.62,0,4,0.4038,Midlands,0
36-50,39532.93,0,10370.6,5,3,0.1641,Midlands,0
26-35,20774.32,0,13500.59,5,7,0.3207,London,0
51-65,30253.36,2,1000.0,10,4,0.3559,South East,0
36-50,36428.02,10,9753.38,0,3,0.3158,Midlands,0
26-35,60739.01,5,19936.55,20,7,0.3179,Midlands,0
65+,49726.1,5,27960.63,10,1,0.4443,North,0
51-65,48484.62,21,3928.43,8,4,0.0984,Midlands,0
65+,60316.16,22,11344.94,13,3,0.315,North,0
51-65,42527.31,23,13487.01,19,5,0.1549,North,0
36-50,52028.37,3,1042.11,12,2,0.3909,Scotland,0
36-50,43142.01,11,20913.49,12,4,0.1994,North,0
65+,49776.52,3,7760.1,8,4,0.0033,Wales,0
51-65,34510.34,2,13046.1,7,4,0.3938,London,0
18-25,15000.0,2,10480.51,5,6,0.2678,South East,0
18-25,42582.98,4,7106.61,3,8,0.3428,London,0
26-35,70609.47,5,14929.55,4,5,0.4712,North,0
51-65,61671.88,17,12843.9,1,3,0.3446,Scotland,0
65+,62377.15,1,11281.42,7,4,0.3203,South East,0
26-35,67250.35,13,7715.38,0,4,0.2943,Wales,0
36-50,46595.84,7,18195.25,8,4,0.1623,London,0
26-35,48551.68,3,31536.17,7,7,0.2742,Wales,0
65+,33882.27,6,16398.87,8,5,0.5369,South East,1
51-65,39310.69,3,24961.18,5,5,0.255,London,0
51-65,56083.88,9,1097.78,23,6,0.2813,Midlands,0
36-50,66669.92,5,16577.61,14,2,0.4509,South East,0
36-50,42489.97,1,4026.32,1,7,0.115,South East,0
26-35,36896.59,1,1000.0,9,3,0.3744,South East,0
18-25,45009.5,7,7606.29,4,5,0.1093,Scotland,0
51-65,55821.72,23,26918.99,2,2,0.3479,Midlands,0
51-65,19010.61,4,24500.16,1,4,0.2973,South East,0
65+,15000.0,13,17430.05,10,6,0.3735,North,0
65+,35090.34,10,1000.0,4,6,0.1785,North,0
36-50,23027.18,26,13037.19,12,1,0.2358,South East,0
51-65,35853.48,17,18017.0,12,1,0.3797,Midlands,0
65+,42339.95,8,16755.36,14,2,0.2388,London,0
51-65,36841.53,10,1000.0,3,4,0.3907,South East,1
26-35,71144.42,22,6096.82,10,3,0.3251,North,0
36-50,50881.41,5,14359.22,11,4,0.2465,South East,0
18-25,50408.54,3,20362.91,5,3,0.2622,Midlands,0
65+,56199.73,0,1000.0,4,8,0.3004,North,0
36-50,24501.0,17,13378.76,16,6,0.2736,London,0
26-35,63704.01,16,16430.49,9,3,0.3876,Midlands,0
36-50,43636.24,1,23496.12,11,1,0.2554,South East,0
36-50,57068.65,8,21928.58,3,2,0.2312,Wales,0
26-35,25706.57,6,20825.71,1,3,0.4092,Midlands,0
18-25,17032.34,1,7000.59,5,6,0.2493,Scotland,0
36-50,59722.01,39,1000.0,7,3,0.2352,Midlands,0
36-50,51775.37,2,11069.47,2,4,0.0017,London,0
51-65,28763.07,0,25016.32,7,9,0.1753,North,1
36-50,29346.06,9,28934.55,0,7,0.1994,Wales,0
51-65,65257.83,13,22105.49,2,3,0.2352,North,0
36-50,23590.59,0,19293.41,11,2,0.2133,Scotland,1
36-50,74568.11,10,18796.4,11,2,0.418,Scotland,0
51-65,28788.83,7,9438.81,6,2,0.207,South East,0
36-50,56491.05,1,13699.4,2,4,0.2159,South East,1
18-25,39084.87,1,31690.7,2,6,0.3187,North,1
18-25,55857.37,8,5574.42,6,3,0.1678,Midlands,0
51-65,35205.95,3,31147.79,11,3,0.4877,Scotland,1
36-50,42069.73,27,11779.72,12,5,0.3963,Wales,0
51-65,45736.55,17,28254.32,5,5,0.1598,South East,0
26-35,26960.63,40,1000.0,2,5,0.4216,South East,0
18-25,58334.84,3,20859.04,9,7,0.4466,North,0
18-25,35762.16,34,7632.3,3,3,0.1629,South East,0
26-35,40885.2,5,1000.0,5,2,0.1602,Scotland,0
36-50,27101.71,4,17185.34,14,1,0.2268,Midlands,1
26-35,15000.0,0,25094.72,12,6,0.1302,North,1
36-50,41561.5,0,6550.59,8,4,0.2064,London,0
65+,88427.08,11,1000.0,1,4,0.252,North,0
26-35,59122.88,6,14081.55,9,6,0.3605,Midlands,0
36-50,44653.31,2,14125.65,13,1,0.3097,North,0
51-65,40267.97,9,20483.2,6,4,0.2822,South East,0
26-35,45404.39,2,24495.95,14,3,0.242,North,0
36-50,54848.14,8,14405.85,14,4,0.143,Scotland,0
51-65,23745.37,4,33555.03,16,4,0.371,South East,0
65+,65057.79,17,17242.35,9,4,0.3683,London,0
18-25,57876.86,17,11535.73,10,2,0.226,London,0
65+,57927.34,6,1000.0,15,2,0.1679,North,0
36-50,52892.56,4,12373.4,10,7,0.4867,North,0
26-35,45353.1,4,11636.13,5,7,0.3296,Midlands,0
36-50,57111.5,16,24603.05,5,2,0.3476,South East,0
65+,55652.65,3,19624.84,9,5,0.3528,Midlands,0
36-50,38627.27,2,3206.31,1,3,0.1557,North,0
26-35,34675.17,0,16722.54,7,4,0.4799,Midlands,0
36-50,46833.41,6,21715.31,13,1,0.2516,Wales,0
26-35,72882.36,6,30280.31,0,3,0.3986,London,1
18-25,22696.07,18,23875.04,15,5,0.475,North,1
18-25,18584.55,2,22608.47,13,2,0.3098,Midlands,1
18-25,47965.7,4,15600.86,5,4,0.1582,Midlands,0
26-35,45915.98,16,18883.12,10,5,0.0008,North,0
18-25,48120.15,17,27495.05,8,2,0.2954,North,0
36-50,49391.16,4,1672.23,14,5,0.33,Wales,0
26-35,40982.36,6,11505.61,12,4,0.2303,London,0
26-35,71817.54,3,7274.31,0,3,0.3163,London,0
51-65,16183.73,26,18791.53,10,4,0.3516,North,0
36-50,30087.05,1,27302.22,6,5,0.4193,Midlands,1
36-50,43141.41,27,9030.26,8,5,0.2726,South East,0
26-35,15422.6,11,1000.0,4,6,0.2946,London,0
26-35,41834.62,7,10877.79,16,1,0.2786,London,0
18-25,74906.46,0,24134.74,13,3,0.304,Scotland,0
26-35,45375.96,6,20376.3,4,4,0.2384,South East,0
26-35,49152.62,5,19281.86,1,2,0.2378,South East,0
26-35,22317.03,1,12200.07,6,6,0.2454,South East,0
18-25,33905.49,10,2209.69,10,3,0.3188,South East,1
18-25,38246.47,35,20152.94,9,5,0.1983,London,0
36-50,39281.13,8,6657.18,14,1,0.2459,Midlands,0
26-35,68069.59,12,36840.97,11,2,0.517,London,0
26-35,55038.44,0,20705.07,12,3,0.4076,Scotland,0
36-50,24993.76,5,9193.52,9,3,0.1852,South East,0
36-50,49437.09,1,8886.15,1,3,0.4038,Midlands,0
18-25,53967.99,9,14070.56,7,3,0.3753,Scotland,0
51-65,65522.68,27,12604.98,13,4,0.2875,North,0
36-50,73449.73,10,26168.34,7,7,0.215,Midlands,0
18-25,26728.3,0,16864.16,10,4,0.2014,South East,0
51-65,30404.56,4,7683.68,6,6,0.3269,South East,0
65+,22363.6,7,33904.41,2,5,0.1985,North,0
18-25,40787.64,5,15493.08,7,1,0.4317,Wales,0
26-35,53394.45,17,22688.4,9,2,0.4657,North,0
51-65,62772.02,16,8917.73,4,6,0.2949,Midlands,0
51-65,43632.88,9,18631.16,6,3,0.4367,North,0
26-35,39242.74,4,18111.1,3,6,0.2506,Midlands,1
26-35,47731.64,2,1000.0,13,7,0.2143,London,0
26-35,29967.43,1,35152.75,6,5,0.432,Midlands,0
36-50,82611.7,4,27906.44,15,7,0.4896,Wales,0
36-50,16062.1,5,11028.05,15,2,0.5356,South East,1
26-35,48325.33,11,3977.3,7,8,0.3399,North,0
36-50,81424.91,10,18475.62,2,7,0.4035,South East,0
51-65,45122.4,0,15866.98,0,4,0.3373,Midlands,0
18-25,41579.3,5,18556.69,0,5,0.4684,London,1
26-35,38565.98,2,16915.77,1,1,0.352,Midlands,1
51-65,41752.95,1,20062.41,14,3,0.3966,North,0
51-65,69711.27,17,29473.06,8,3,0.1637,South East,0
36-50,15000.0,0,20681.03,9,2,0.2723,North,0
36-50,72601.81,5,4503.45,0,5,0.3976,North,0
18-25,19368.77,1,28625.63,2,5,0.3869,Wales,1
36-50,40200.26,21,31406.15,12,2,0.4079,South East,0
36-50,37273.6,8,46520.57,9,6,0.3145,Midlands,0
26-35,55593.96,2,3765.06,7,1,0.2218,London,0
26-35,16233.76,6,17428.82,10,4,0.2929,Wales,0
26-35,53319.11,13,1000.0,16,1,0.3056,Wales,0
18-25,81437.57,31,20531.49,6,1,0.329,Midlands,0
26-35,20462.87,2,9518.0,8,3,0.1839,Scotland,0
26-35,48414.71,21,34234.46,8,3,0.2681,Midlands,0
26-35,33084.32,27,7253.85,19,1,0.2894,North,0
18-25,52665.97,24,1000.0,0,5,0.0309,London,0
51-65,45344.66,10,10287.36,11,6,0.3999,North,0
36-50,33453.24,9,1000.0,7,1,0.3197,London,0
36-50,53781.7,5,22510.99,10,2,0.3318,Scotland,0
51-65,77478.27,13,1000.0,4,5,0.2381,North,0
36-50,41563.73,7,15284.58,7,3,0.3704,North,0
18-25,57955.64,11,1000.0,11,5,0.2002,London,0
36-50,21721.09,5,11797.02,23,2,0.219,South East,0
36-50,27784.15,13,31433.78,12,6,0.3754,South East,0
51-65,53503.31,17,18606.48,3,4,0.3429,Midlands,0
36-50,71714.09,1,6365.06,5,2,0.1467,London,0
18-25,51401.04,17,14687.97,5,4,0.4893,Wales,0
26-35,39364.96,7,15180.17,0,6,0.209,Midlands,0
26-35,44987.25,18,19726.3,6,5,0.2841,South East,0
36-50,22492.66,5,1331.42,11,5,0.5096,Midlands,0
36-50,55881.28,4,20925.67,1,6,0.0528,Midlands,0
26-35,60882.0,24,1000.0,13,4,0.0952,North,0
65+,36862.37,2,8701.15,10,8,0.353,Midlands,1
36-50,36539.24,18,10117.26,4,1,0.0026,Wales,0
26-35,49785.81,6,21333.27,7,2,0.0548,Midlands,0
18-25,37139.04,7,15226.31,15,1,0.441,Wales,0
26-35,43809.61,3,1000.0,11,1,0.2509,Scotland,0
26-35,82794.99,8,5150.07,8,6,0.5635,South East,0
26-35,40553.54,3,16986.8,6,8,0.1758,Wales,1
26-35,38549.88,0,14209.33,8,3,0.2618,London,0
26-35,33344.25,3,9208.76,5,3,0.3649,Scotland,0
26-35,58395.46,0,10191.66,0,8,0.3566,Midlands,0
51-65,41737.96,38,21961.68,18,4,0.2694,Scotland,0
18-25,33311.29,33,9823.07,8,3,0.2222,Scotland,0
36-50,68783.47,5,14119.09,9,9,0.3278,Scotland,0
36-50,70552.85,13,36699.37,7,2,0.4652,North,0
65+,34192.38,4,1000.0,4,5,0.3915,South East,1
18-25,15000.0,11,1000.0,7,5,0.2241,London,0
26-35,63135.25,16,22835.9,0,4,0.181,Midlands,0
65+,32676.66,29,8213.57,19,3,0.2169,South East,0
51-65,59231.26,5,11817.62,1,6,0.1472,North,0
51-65,15000.0,15,7188.44,2,3,0.3177,South East,0
26-35,61066.75,3,12402.0,5,2,0.3977,Wales,1
26-35,23198.91,40,30985.38,14,1,0.2914,North,0
36-50,58153.75,0,23021.28,8,2,0.5064,Scotland,0
65+,45256.92,9,23622.24,1,1,0.513,London,0
36-50,27829.09,10,1000.0,14,3,0.3369,Scotland,0
36-50,37673.35,11,3488.46,11,8,0.3842,Wales,0
26-35,57353.73,1,1000.0,10,1,0.1919,Midlands,0
51-65,46906.1,27,6906.19,11,4,0.2567,North,0
26-35,55519.43,1,24567.03,19,8,0.4527,North,1
26-35,80575.93,9,20169.47,18,3,0.2305,South East,0
36-50,16843.65,2,12784.87,4,3,0.4785,Midlands,0
36-50,74109.83,3,14777.0,16,7,0.4335,Midlands,0
26-35,46878.41,7,8111.14,9,4,0.3902,London,0
18-25,28821.89,5,17047.59,10,2,0.1593,Midlands,0
36-50,21054.35,1,22658.78,0,1,0.2626,London,0
26-35,41595.83,1,1000.0,7,7,0.3773,London,0
36-50,61589.7,5,17996.48,3,5,0.1817,London,0
26-35,42704.12,14,24324.35,12,2,0.2772,Wales,1
36-50,72200.79,22,10849.0,13,6,0.3903,Midlands,0
36-50,18878.84,0,22007.01,0,3,0.2318,Wales,0
18-25,44782.4,4,43146.54,7,3,0.1984,Midlands,0
26-35,22456.92,1,13956.57,13,1,0.0839,South East,0
18-25,51545.37,0,18933.07,7,5,0.2536,Midlands,1
18-25,60963.97,10,7619.43,11,3,0.3928,Midlands,0
65+,37426.29,9,16812.51,9,4,0.1953,London,0
26-35,15000.0,1,19602.72,9,4,0.3021,North,0
51-65,48581.07,2,16948.42,6,7,0.2731,South East,0
26-35,52861.29,0,4803.05,1,4,0.22,North,0
36-50,52277.31,18,17063.62,2,3,0.4005,North,0
51-65,67244.08,36,29621.96,11,2,0.4971,London,0
36-50,25721.03,1,19486.36,8,2,0.4205,London,0
36-50,57243.89,2,24619.87,7,2,0.2165,North,0
36-50,66465.14,20,12629.88,5,4,0.5391,Midlands,0
26-35,15000.0,26,22499.0,6,4,0.4202,London,0
65+,50753.73,5,17792.68,13,4,0.2451,Wales,0
51-65,35924.76,0,5490.89,6,4,0.207,London,0
65+,43532.59,0,18185.21,1,5,0.4345,North,1
18-25,51258.18,8,5083.03,11,3,0.3209,Wales,0
51-65,36229.89,4,8671.2,6,3,0.1979,South East,0
65+,32837.25,0,16893.28,8,1,0.2822,London,0
26-35,45614.74,8,17972.44,16,6,0.2511,London,0
18-25,25429.57,0,3107.68,7,6,0.2011,South East,0
51-65,25455.15,15,25539.86,9,5,0.4218,London,1
36-50,57228.72,3,20720.06,2,4,0.3938,North,0
51-65,24321.71,0,7952.72,6,3,0.4006,London,1
18-25,56993.63,8,1000.0,11,2,0.399,Midlands,0
51-65,53326.64,5,13550.95,0,3,0.1901,Wales,0
26-35,15000.0,36,10540.56,9,4,0.2276,Scotland,0
26-35,32803.84,7,16131.4,8,4,0.475,North,0
26-35,66493.97,3,11368.83,8,4,0.313,South East,1
51-65,27339.02,12,1000.0,13,8,0.1235,North,0
36-50,36640.72,3,11116.53,9,3,0.326,Midlands,0
36-50,53317.1,23,11943.81,15,4,0.3786,Midlands,0
26-35,59101.03,4,21336.61,3,3,0.3629,London,0
51-65,40472.3,7,8018.0,8,5,0.1875,Scotland,0
26-35,34244.82,0,31786.75,8,6,0.5264,Midlands,1
51-65,70602.66,5,1000.0,2,7,0.1199,South East,0
36-50,76300.19,17,28111.67,12,7,0.3133,Midlands,0
26-35,62619.44,16,12756.81,19,3,0.5084,Midlands,0
36-50,46535.73,2,23595.85,7,3,0.371,Scotland,1
26-35,30451.22,2,15798.01,10,3,0.4003,North,1
51-65,30052.0,16,26395.56,8,3,0.1736,North,0
36-50,54405.25,26,11126.38,4,7,0.3416,London,0
26-35,52531.17,1,4013.8,0,4,0.2956,Midlands,1
51-65,70228.77,5,29205.04,4,5,0.1644,Midlands,0
26-35,56708.1,4,13865.19,1,2,0.4038,London,0
36-50,17944.55,20,17215.58,16,5,0.2017,South East,0
65+,63935.06,0,27347.52,7,6,0.2159,North,0
36-50,27034.91,2,4680.45,6,10,0.3519,London,0
18-25,38088.52,13,20954.91,12,2,0.2828,Midlands,0
65+,49503.6,0,9101.05,2,6,0.3203,South East,0
36-50,80922.01,6,13678.31,4,7,0.2755,London,0
26-35,100978.53,5,15722.79,8,3,0.4696,South East,0
18-25,55921.02,4,1000.0,13,5,0.189,Wales,0
51-65,41702.46,5,7211.63,10,2,0.2442,Scotland,0
36-50,54621.1,7,28510.73,9,4,0.3577,Wales,1
36-50,60977.8,1,23861.91,8,3,0.1814,Midlands,0
51-65,39227.98,8,14373.6,10,3,0.1761,London,0
51-65,77313.8,16,17431.23,9,1,0.3165,Midlands,0
26-35,49141.27,14,12057.57,2,6,0.4041,Midlands,0
26-35,53959.38,1,28565.83,8,3,0.4197,Scotland,0
26-35,56986.64,1,12996.47,2,7,0.311,London,0
51-65,52588.56,3,17318.42,8,6,0.2193,Midlands,0
18-25,60100.93,4,26460.3,5,3,0.3331,London,0
36-50,33889.44,5,7226.29,20,3,0.3679,South East,0
51-65,34950.57,11,30587.89,7,2,0.3314,North,0
51-65,25197.22,0,1000.0,0,4,0.4481,Midlands,0
26-35,52911.02,0,31296.42,7,5,0.1783,Midlands,0
51-65,59020.86,4,11273.24,10,6,0.2164,Midlands,0
18-25,53239.91,11,12573.01,16,5,0.4314,Midlands,1
51-65,75140.86,2,1000.0,5,1,0.1232,North,0
18-25,44899.27,10,10452.05,0,8,0.2353,Scotland,0
26-35,57037.35,3,4601.93,12,8,0.2122,Wales,0
51-65,25349.38,21,8923.54,1,3,0.1123,North,0
18-25,38032.21,22,13626.89,5,6,0.2775,South East,1
26-35,57519.68,3,24577.92,6,4,0.3896,North,0
51-65,60283.84,2,17076.03,7,3,0.3188,Midlands,0
51-65,39708.59,5,18076.77,11,7,0.396,South East,1
36-50,43711.21,2,4044.81,4,3,0.443,Scotland,0
36-50,17678.27,11,6192.46,6,4,0.2537,London,0
36-50,38573.47,17,32987.25,7,7,0.6176,Wales,1
26-35,61026.9,11,7647.99,8,4,0.2586,Midlands,0
26-35,55353.69,17,31562.08,8,6,0.2745,North,0
26-35,54011.98,5,12569.39,10,5,0.2151,North,0
65+,45895.93,1,15022.88,12,11,0.3654,Scotland,0
36-50,45127.14,13,25703.65,9,3,0.2651,North,0
36-50,33114.22,4,27718.92,10,4,0.2905,North,0
36-50,57578.91,11,13891.87,0,2,0.2754,London,0
65+,52577.51,3,11117.57,8,3,0.2727,Midlands,0
26-35,53856.34,0,14440.8,10,1,0.319,London,1
36-50,35531.37,40,18379.58,11,5,0.246,North,0
36-50,15000.0,1,23913.04,4,5,0.2516,Midlands,1
36-50,64748.75,40,15042.3,4,2,0.4287,North,0
18-25,36380.93,37,21188.86,5,3,0.2648,London,0
51-65,29470.04,15,31383.6,10,6,0.346,London,0
65+,57482.62,10,18813.1,13,3,0.1933,North,0
36-50,37943.77,8,18116.53,5,4,0.2466,London,0
36-50,64078.85,20,1000.0,12,5,0.1521,London,0
65+,56106.11,3,1000.0,8,2,0.5225,London,0
51-65,57304.25,6,18883.76,7,4,0.4651,Wales,0
26-35,20412.8,9,14051.76,6,4,0.3715,North,0
36-50,66814.99,5,9852.17,11,6,0.5581,South East,0
36-50,49702.51,5,17435.3,9,3,0.3924,South East,0
36-50,38353.01,4,14395.96,19,3,0.2794,South East,0
51-65,47580.99,8,26277.8,3,5,0.3447,North,0
65+,15000.0,19,15861.11,10,4,0.4633,North,1
65+,52355.75,2,7530.77,5,5,0.1944,South East,0
36-50,26471.31,27,24901.66,3,6,0.1593,South East,0
18-25,20651.93,11,12828.69,7,5,0.3487,London,0
65+,17597.53,17,20265.37,8,1,0.2296,North,0
51-65,65028.39,8,10225.89,22,5,0.0288,North,0
18-25,33673.26,15,8501.73,7,4,0.1508,South East,0
65+,72607.1,0,15841.68,2,1,0.2626,London,0
51-65,35355.57,17,15128.29,9,5,0.3058,London,0
36-50,15000.0,0,19798.27,0,3,0.3094,Wales,1
36-50,24902.56,22,12313.54,7,4,0.5406,South East,0
26-35,67244.61,40,1000.0,8,4,0.2751,North,0
18-25,42193.83,3,10672.26,11,6,0.3334,North,0
26-35,35130.83,2,22938.18,12,5,0.1049,Midlands,0
51-65,47880.33,14,12026.24,5,2,0.2963,South East,0
18-25,54032.09,2,12536.17,7,2,0.3401,London,0
26-35,65113.18,20,24863.77,4,4,0.135,North,0
26-35,71072.99,1,7880.27,2,6,0.1879,North,0
36-50,38524.16,1,1000.0,9,5,0.3587,North,0
65+,21131.14,38,13393.69,1,5,0.2344,Midlands,0
26-35,37557.63,11,10158.26,5,6,0.2877,London,0
26-35,49685.05,18,5337.54,3,4,0.3649,Wales,0
51-65,27652.34,3,13246.22,10,3,0.5444,North,1
36-50,27771.28,11,19915.06,17,3,0.2734,South East,0
26-35,51188.18,9,14907.11,1,5,0.5123,Wales,1
36-50,44124.26,9,18069.81,0,4,0.0649,North,0
18-25,45590.35,11,33134.08,7,4,0.3178,North,0
26-35,31347.08,8,11571.21,8,3,0.2599,North,0
36-50,40852.79,5,17783.49,9,3,0.2361,Scotland,0
36-50,28363.8,3,9907.87,5,1,0.379,North,0
65+,61023.57,14,6536.4,6,2,0.2742,London,0
26-35,63634.49,2,9150.92,9,7,0.057,South East,0
36-50,15000.0,11,10212.41,13,2,0.1094,Wales,0
36-50,28268.8,2,18594.76,0,4,0.3866,South East,0
18-25,18062.47,9,38490.76,6,3,0.1035,Midlands,0
36-50,33299.57,13,7839.57,9,3,0.3899,Midlands,1
26-35,43498.12,2,10833.75,3,7,0.315,Midlands,0
65+,18906.39,0,14368.77,16,3,0.2796,North,0
18-25,28406.52,1,18957.99,4,2,0.2902,Wales,0
36-50,26928.77,9,17635.51,7,1,0.3618,South East,0
18-25,48730.81,18,27840.96,10,4,0.1587,London,0
65+,46248.2,0,1000.0,5,2,0.3051,South East,0
36-50,32008.72,13,1000.0,0,4,0.1633,Scotland,0
36-50,48182.78,4,10041.22,5,7,0.3196,North,0
18-25,35159.76,6,25973.0,13,4,0.3776,South East,1
51-65,40110.21,26,1000.0,6,5,0.3199,Scotland,0
26-35,75122.14,4,1000.0,3,8,0.373,Scotland,0
51-65,69128.3,6,20711.79,12,4,0.216,Scotland,0
26-35,21607.54,0,17436.57,6,3,0.2925,Wales,0
26-35,59935.18,0,4097.92,5,7,0.2714,South East,0
18-25,59605.14,2,5144.6,8,4,0.2636,North,0
36-50,24331.26,0,5302.56,11,5,0.2039,Midlands,0
36-50,59738.0,9,16105.35,19,8,0.2482,Scotland,0
18-25,72682.77,5,8736.85,12,4,0.1665,North,0
51-65,24794.19,7,19940.64,13,3,0.0967,North,0
36-50,28484.95,1,1000.0,5,1,0.2159,North,0
36-50,63317.91,3,6431.48,2,1,0.3751,South East,0
36-50,49886.92,10,3739.46,8,8,0.3281,Midlands,0
36-50,54926.57,33,12436.59,8,5,0.1492,Wales,0
36-50,51130.61,0,9619.52,2,3,0.2513,Wales,0
26-35,52032.53,22,22978.44,7,5,0.3831,London,1
26-35,21123.5,8,1000.0,9,4,0.2462,South East,0
51-65,63851.72,8,15454.91,9,3,0.1299,London,0
65+,66052.62,6,20583.36,10,1,0.5709,North,0
26-35,40870.97,0,33566.47,9,5,0.28,Scotland,1
26-35,44217.41,0,10182.34,5,3,0.1604,South East,0
36-50,17440.06,9,18244.59,5,4,0.3206,Midlands,0
36-50,54256.59,4,1000.0,2,9,0.2897,Scotland,0
18-25,55297.03,24,1000.0,16,7,0.115,North,0
26-35,43880.56,5,23447.74,8,5,0.3112,Midlands,0
51-65,65238.36,1,14944.4,6,4,0.418,North,0
36-50,38986.61,12,26785.13,3,1,0.2721,Midlands,0
18-25,55162.91,3,1265.97,22,7,0.0528,South East,0
26-35,26646.04,7,20199.02,2,2,0.341,Midlands,0
26-35,44576.06,11,33688.18,5,7,0.3723,North,0
36-50,41861.62,23,19197.06,10,4,0.2296,Scotland,1
18-25,49055.54,15,17765.82,11,6,0.2305,North,1
18-25,38348.52,11,15085.56,12,5,0.5709,North,1
51-65,42633.49,11,1000.0,17,6,0.221,South East,0
26-35,59868.85,29,28555.73,10,6,0.1654,Midlands,0
36-50,37138.24,3,8891.42,2,2,0.303,London,0
26-35,16081.61,0,20044.83,6,5,0.369,South East,1
18-25,76492.51,3,1000.0,9,5,0.3639,North,0
26-35,69866.17,2,3205.4,18,7,0.0038,Wales,0
51-65,21739.27,10,29350.87,1,3,0.2207,London,0
51-65,57414.74,10,11526.98,14,2,0.4383,Midlands,0
51-65,35946.45,9,29532.75,8,5,0.3392,Scotland,0
26-35,49742.77,0,14217.69,12,7,0.1517,South East,0
36-50,50296.03,13,1000.0,7,4,0.4491,Midlands,0
26-35,40780.66,3,23920.68,3,5,0.4158,North,1
26-35,30892.22,10,9101.08,11,4,0.2644,North,1
51-65,32570.26,8,21986.89,11,6,0.4055,South East,0
18-25,28508.55,4,15252.11,12,2,0.54,South East,0
18-25,30027.2,1,1000.0,7,5,0.1735,North,0
26-35,43790.79,0,16642.95,5,3,0.3667,Midlands,0
18-25,32116.32,17,36962.23,0,6,0.5383,London,1
26-35,57276.94,25,19929.86,12,4,0.3784,North,0
36-50,71770.43,10,14424.82,10,4,0.2095,London,0
36-50,34559.04,1,25753.43,3,7,0.3287,North,1
51-65,49309.28,5,17106.68,5,1,0.4644,South East,0
51-65,53994.33,13,17095.34,5,2,0.1781,Wales,0
26-35,53496.04,15,4083.75,0,5,0.2964,Midlands,1
26-35,46367.19,1,17338.48,3,2,0.2708,South East,0
26-35,58368.28,0,25354.43,2,5,0.2242,London,0
36-50,53680.48,12,6639.38,5,4,0.329,South East,0
26-35,22722.08,4,29244.96,4,1,0.2879,Scotland,0
36-50,60644.81,2,14082.94,0,3,0.3772,Wales,0
36-50,60971.24,0,6122.3,18,3,0.4369,Midlands,0
36-50,31260.85,7,24976.32,14,1,0.1473,Midlands,0
36-50,45682.88,19,12132.06,4,3,0.3081,North,0
26-35,57299.92,31,22595.15,9,5,0.2936,Scotland,0
65+,41232.35,8,12082.41,10,6,0.3244,North,0
51-65,64313.6,7,14401.74,13,2,0.2981,Midlands,0
18-25,87549.7,0,19935.6,3,3,0.1823,Midlands,0
51-65,30852.25,7,17908.97,13,4,0.4746,North,0
36-50,20141.2,4,1000.0,5,4,0.5257,London,0
51-65,50468.73,9,3787.56,1,4,0.3656,North,0
51-65,57988.13,4,24294.1,11,5,0.3718,South East,0
36-50,40844.41,2,13678.63,14,1,0.3157,North,0
18-25,71158.69,0,9762.69,20,3,0.4163,London,0
26-35,20905.1,3,1414.26,2,5,0.0068,North,0
36-50,57472.54,1,4202.64,11,6,0.2995,Midlands,1
36-50,34094.51,1,1000.0,5,8,0.2313,North,0
26-35,75948.8,40,13987.19,11,3,0.3175,London,0
18-25,80865.28,5,9015.62,0,4,0.4311,Midlands,0
51-65,31200.18,7,5334.12,1,3,0.3023,Midlands,0
65+,35107.97,20,14318.77,4,4,0.2567,Midlands,0
36-50,60472.58,40,18639.71,8,4,0.1316,North,0
26-35,38031.65,8,35931.98,4,5,0.2869,North,0
26-35,44182.6,16,1000.0,11,3,0.3807,Scotland,0
18-25,45456.99,3,26593.81,13,2,0.1991,South East,0
65+,15000.0,3,24731.02,10,5,0.0596,Scotland,0
18-25,44750.92,5,7209.07,16,6,0.5729,Midlands,0
36-50,32584.9,11,17032.36,10,1,0.3402,London,0
26-35,36123.79,11,10423.67,1,6,0.2734,London,0
36-50,70985.38,3,16856.89,14,6,0.4669,South East,0
36-50,22382.88,1,30091.31,4,5,0.317,North,0
51-65,59637.69,10,21056.06,12,3,0.4598,North,0
26-35,39978.67,1,20086.08,15,3,0.4496,North,0
18-25,39964.32,8,10696.91,10,4,0.1471,Midlands,0
18-25,59226.69,11,1000.0,0,3,0.3552,Midlands,0
65+,51120.92,12,12915.32,3,3,0.507,London,0
51-65,55271.03,14,27066.08,14,1,0.1802,South East,0
36-50,62427.32,20,1000.0,7,6,0.1816,Midlands,0
36-50,39036.45,6,4449.11,8,5,0.2019,London,0
36-50,33979.74,13,16262.68,11,6,0.4069,South East,0
26-35,25467.29,9,5153.45,11,4,0.3341,North,0
65+,30142.61,2,7074.77,9,6,0.0677,North,0
36-50,98083.7,0,10764.01,6,5,0.3409,Wales,0
26-35,67404.23,3,1343.83,6,3,0.2698,Wales,0
36-50,20680.66,5,5258.78,12,4,0.2865,North,0
18-25,21195.76,9,22034.28,10,2,0.1996,Midlands,0
26-35,53673.59,18,1926.3,6,1,0.3418,North,0
51-65,54850.77,2,1000.0,13,5,0.4261,North,0
18-25,54879.91,1,8699.75,7,3,0.223,London,0
36-50,40410.8,33,22319.56,3,7,0.0981,Midlands,0
26-35,42741.82,1,13030.78,4,8,0.2636,Scotland,1
26-35,50901.83,6,10354.19,3,7,0.3908,Midlands,0
26-35,46546.07,8,15443.59,6,6,0.2495,Midlands,0
26-35,15000.0,7,1000.0,14,1,0.1203,North,0
51-65,40863.61,0,19947.06,3,3,0.3916,South East,1
26-35,29674.68,0,18834.35,8,2,0.4698,Midlands,0
36-50,48153.81,1,10906.92,4,6,0.3024,South East,0
36-50,98734.66,8,25059.25,6,6,0.1073,London,0
36-50,51614.67,7,3725.04,0,7,0.2619,London,1
65+,39356.47,2,26279.09,6,2,0.3182,Scotland,0
51-65,61592.43,10,16544.94,7,7,0.2028,South East,0
26-35,53688.38,17,11634.47,10,1,0.37,Midlands,1
18-25,52561.7,0,14801.26,9,3,0.1911,South East,0
26-35,55923.31,6,13927.35,2,3,0.3031,Wales,0
36-50,82017.78,11,27202.83,13,2,0.2726,South East,0
18-25,24644.01,2,4233.21,9,2,0.3739,Midlands,0
36-50,53525.38,3,7374.81,8,1,0.2983,Scotland,0
36-50,28325.14,9,25363.03,7,3,0.2764,Scotland,1
26-35,54999.23,22,9044.65,5,7,0.2037,South East,0
51-65,28463.64,16,24005.33,9,7,0.3042,Scotland,0
18-25,37487.4,8,31994.36,10,2,0.2688,Midlands,0
18-25,39688.38,13,10982.05,0,1,0.1955,Midlands,0
51-65,62564.7,4,21813.62,5,3,0.3191,London,0
36-50,61532.18,10,3463.08,6,6,0.3437,London,0
36-50,22577.09,6,22547.33,9,9,0.2594,North,0
36-50,45988.81,2,16994.24,13,2,0.4118,Midlands,1
26-35,32227.56,12,19730.38,4,2,0.3317,Midlands,0
51-65,22346.91,8,8544.28,5,4,0.1459,North,0
51-65,41093.69,4,1000.0,5,4,0.4605,North,0
36-50,39447.31,24,20032.52,3,2,0.392,London,0
26-35,88680.9,0,1000.0,6,6,0.4202,North,0
36-50,52793.28,3,11826.5,11,4,0.3481,London,1
26-35,20202.88,0,24411.82,2,2,0.0195,North,0
18-25,34834.07,14,16918.98,10,6,0.4311,North,0
65+,63384.9,12,34483.43,0,3,0.3073,Wales,0
18-25,82591.97,4,25251.09,5,3,0.3424,London,0
65+,16452.3,11,8461.02,6,3,0.3648,London,0
36-50,15000.0,5,15273.13,16,5,0.5324,South East,1
