reading_id,satellite_id,timestamp,orbit_altitude_km,velocity_kms,battery_pct,signal_strength_dbm,temperature_c,status
1,SAT-004,2025-01-02 01:00:00,26747.5,4.18,22.6,-111.8,,active
2,SAT-007,2025-01-10 22:00:00,18291.7,3.13,27.9,-68.0,25.4,active
3,SAT-006,2025-01-30 18:00:00,15329.6,4.33,29.4,-58.9,-27.7,active
4,SAT-002,2025-01-20 14:00:00,19397.0,7.67,44.1,-75.8,59.5,active
5,SAT-003,2025-01-02 22:00:00,23873.2,6.71,98.7,-51.6,64.0,active
6,SAT-012,2025-01-16 03:00:00,7700.4,4.28,94.3,-68.2,33.1,active
7,SAT-009,2025-01-28 07:00:00,24836.2,4.05,39.2,-58.5,-33.3,active
8,SAT-019,2025-01-14 10:00:00,7812.0,5.4,89.6,-68.6,-22.9,active
9,SAT-019,2025-01-19 06:00:00,32342.1,4.92,29.7,-40.2,21.1,active
10,SAT-006,2025-01-30 00:00:00,15313.3,3.3,44.3,,23.5,active
11,SAT-018,2025-01-12 09:00:00,27715.8,4.63,36.4,-107.3,-39.6,degraded
12,SAT-006,2025-01-22 15:00:00,32872.1,7.18,36.9,-68.9,33.1,active
13,SAT-017,2025-01-01 00:00:00,21642.2,5.35,20.1,-91.0,78.2,active
14,SAT-003,2025-01-04 15:00:00,26402.3,6.92,98.0,-77.4,-24.9,degraded
15,SAT-020,2025-01-19 01:00:00,34724.2,7.46,78.0,-64.8,45.6,active
16,SAT-017,2025-01-20 06:00:00,4532.0,4.08,,-72.9,-12.4,active
17,SAT-003,2025-01-02 08:00:00,30974.9,3.34,31.4,-66.5,-14.3,active
18,SAT-008,2025-01-21 04:00:00,29108.4,3.91,18.7,-85.5,10.8,active
19,SAT-004,2025-01-03 14:00:00,14613.8,4.63,87.6,-100.1,-17.2,active
20,SAT-003,2025-01-19 21:00:00,29127.2,7.11,18.8,-67.8,24.9,active
21,SAT-006,2025-01-18 08:00:00,17586.0,4.03,46.1,-115.3,5.5,active
22,SAT-014,2025-01-30 17:00:00,34472.0,7.78,60.0,-62.5,-21.4,active
23,SAT-002,2025-01-14 09:00:00,2246.5,5.8,55.3,-51.8,-21.1,active
24,SAT-008,2025-01-18 05:00:00,4491.9,7.27,32.2,-72.4,34.3,active
25,SAT-009,2025-01-09 17:00:00,24176.2,4.51,33.9,-109.5,37.5,active
26,SAT-015,2025-01-27 12:00:00,35944.7,7.78,16.6,-102.9,-8.2,active
27,SAT-006,2025-01-19 16:00:00,30048.1,6.38,65.1,-41.0,38.5,active
28,SAT-004,2025-01-06 17:00:00,9667.9,7.27,76.8,-107.6,-6.2,active
29,SAT-009,2025-01-22 13:00:00,17689.4,7.35,,-112.6,10.8,active
30,SAT-009,2025-01-07 21:00:00,26736.1,5.65,48.5,-119.2,-31.0,degraded
31,SAT-019,2025-01-24 13:00:00,5501.8,3.61,37.7,-48.1,55.5,active
32,SAT-004,2025-01-16 02:00:00,28128.2,7.24,46.6,-70.3,-21.5,active
33,SAT-014,2025-01-02 01:00:00,6621.1,7.44,80.4,-87.1,40.4,degraded
34,SAT-004,2025-01-17 07:00:00,31423.6,7.12,30.0,-54.7,15.2,active
35,SAT-007,2025-01-18 00:00:00,11951.8,7.15,97.0,-97.7,37.0,active
36,SAT-001,2025-01-05 22:00:00,31598.0,4.25,62.3,-41.3,-35.4,active
37,SAT-020,2025-01-22 19:00:00,4340.1,7.32,27.1,-116.4,12.3,active
38,SAT-007,2025-01-16 12:00:00,15640.4,7.55,92.9,-70.1,39.6,active
39,SAT-014,2025-01-14 22:00:00,14605.9,4.42,21.5,-86.4,72.8,degraded
40,SAT-013,2025-01-24 09:00:00,30047.4,4.46,28.9,-57.1,32.8,active
41,SAT-016,2025-01-08 05:00:00,23786.9,4.36,69.7,-70.5,-28.8,offline
42,SAT-005,2025-01-02 01:00:00,1854.5,7.72,65.0,-58.5,14.6,degraded
43,SAT-013,2025-01-11 09:00:00,5483.1,6.3,90.3,-51.2,66.3,offline
44,SAT-017,2025-01-20 19:00:00,1997.8,4.2,86.4,-83.5,56.2,degraded
45,SAT-015,2025-01-27 03:00:00,29377.2,7.28,48.4,-47.5,13.5,active
46,SAT-008,2025-01-28 04:00:00,10127.7,6.73,53.6,-100.9,12.8,degraded
47,SAT-018,2025-01-04 10:00:00,5153.8,4.11,72.5,-63.5,-32.3,active
48,SAT-014,2025-01-17 14:00:00,32593.2,5.8,72.6,-51.5,51.9,active
49,SAT-013,2025-01-18 21:00:00,19468.3,6.53,82.0,,18.6,active
50,SAT-013,2025-01-08 01:00:00,30290.1,7.41,98.3,,68.8,active
51,SAT-005,2025-01-20 16:00:00,6705.9,4.25,39.5,-83.6,0.5,active
52,SAT-003,2025-01-21 01:00:00,893.9,5.59,100.0,,,offline
53,SAT-008,2025-01-09 12:00:00,30244.4,5.98,31.5,-82.1,-26.3,active
54,SAT-020,2025-01-26 21:00:00,34701.7,6.45,,-106.9,-2.7,active
55,SAT-013,2025-01-17 22:00:00,33904.6,3.95,63.3,-53.6,-10.9,degraded
56,SAT-004,2025-01-25 03:00:00,28218.3,4.67,,-90.4,20.7,active
57,SAT-014,2025-01-16 10:00:00,22953.9,6.98,73.7,-85.2,48.1,degraded
58,SAT-016,2025-01-20 20:00:00,15793.6,6.51,34.2,-51.9,59.7,active
59,SAT-019,2025-01-27 00:00:00,24121.1,4.61,54.5,-94.0,18.5,active
60,SAT-009,2025-01-24 17:00:00,563.4,7.55,17.7,-62.4,18.6,offline
61,SAT-015,2025-01-01 17:00:00,3531.3,4.06,72.3,-95.5,29.8,active
62,SAT-018,2025-01-15 02:00:00,12794.8,5.18,37.6,-101.6,46.6,active
63,SAT-006,2025-01-09 04:00:00,7946.6,5.32,75.2,-41.9,23.0,active
64,SAT-012,2025-01-08 15:00:00,11021.2,6.4,21.4,-116.4,-33.5,active
65,SAT-016,2025-01-05 09:00:00,31443.4,5.76,52.2,-84.8,-17.9,active
66,SAT-003,2025-01-18 02:00:00,17804.5,5.77,71.8,-107.9,57.3,active
67,SAT-014,2025-01-26 20:00:00,21541.3,5.97,79.8,-89.6,69.0,active
68,SAT-020,2025-01-03 13:00:00,22024.8,6.55,95.3,-103.4,-14.7,degraded
69,SAT-006,2025-01-01 02:00:00,14824.9,6.31,52.3,-117.4,-5.4,active
70,SAT-009,2025-01-27 16:00:00,21314.5,6.86,27.8,-110.8,-13.0,active
71,SAT-006,2025-01-14 02:00:00,21502.6,6.96,92.9,-84.9,16.2,active
72,SAT-016,2025-01-19 16:00:00,3079.8,3.19,48.9,-94.2,-10.0,active
73,SAT-019,2025-01-01 21:00:00,35984.7,6.23,34.3,-116.8,50.8,active
74,SAT-019,2025-01-19 14:00:00,22925.3,5.36,18.2,-92.2,-0.0,degraded
75,SAT-016,2025-01-13 07:00:00,23920.5,4.92,78.4,-117.1,-29.4,active
76,SAT-017,2025-01-01 01:00:00,23744.2,5.6,47.2,-105.0,3.4,offline
77,SAT-009,2025-01-24 10:00:00,4890.3,4.38,89.3,-81.2,-36.5,degraded
78,SAT-018,2025-01-01 14:00:00,19970.6,3.45,99.3,-47.0,15.4,active
79,SAT-010,2025-01-22 17:00:00,25453.7,4.99,53.4,-82.2,14.8,active
80,SAT-005,2025-01-03 23:00:00,10089.7,6.79,47.3,-45.3,20.9,active
81,SAT-016,2025-01-07 08:00:00,16186.4,5.32,39.9,-59.0,5.3,active
82,SAT-013,2025-01-10 23:00:00,30845.3,4.97,38.6,-82.2,69.6,active
83,SAT-005,2025-01-22 03:00:00,34740.7,3.61,96.9,-93.4,,active
84,SAT-005,2025-01-18 11:00:00,31379.4,7.66,16.7,-57.5,-8.2,active
85,SAT-018,2025-01-17 05:00:00,34358.2,6.01,89.9,-81.0,24.9,active
86,SAT-008,2025-01-04 20:00:00,15736.2,3.47,67.0,,13.2,degraded
87,SAT-002,2025-01-13 12:00:00,13033.0,5.07,32.0,-87.0,41.8,active
88,SAT-020,2025-01-30 03:00:00,8821.7,7.38,22.9,-83.1,-9.5,active
89,SAT-010,2025-01-29 21:00:00,19768.2,3.35,95.1,-41.0,-4.1,active
90,SAT-013,2025-01-21 14:00:00,4018.2,4.83,42.3,-96.3,43.9,active
91,SAT-019,2025-01-30 06:00:00,28063.6,7.67,92.0,-60.4,59.9,active
92,SAT-008,2025-01-28 03:00:00,7006.7,4.2,78.0,-58.6,41.7,active
93,SAT-010,2025-01-19 19:00:00,1394.5,4.75,21.8,-47.2,-0.8,active
94,SAT-012,2025-01-23 15:00:00,18164.3,4.31,24.8,-46.9,73.3,active
95,SAT-003,2025-01-07 00:00:00,27198.6,4.08,70.9,-66.0,,active
96,SAT-018,2025-01-06 06:00:00,16481.3,6.23,70.5,-73.2,,active
97,SAT-018,2025-01-14 23:00:00,32966.2,4.06,15.7,-54.1,,active
98,SAT-002,2025-01-13 23:00:00,35854.2,3.56,31.1,-77.0,6.6,active
99,SAT-014,2025-01-26 01:00:00,26773.2,3.74,47.3,-112.1,18.7,active
100,SAT-007,2025-01-19 22:00:00,16120.1,4.13,42.6,-41.5,4.1,degraded
101,SAT-004,2025-01-20 09:00:00,3481.9,4.02,67.6,-42.3,-33.9,active
102,SAT-003,2025-01-24 15:00:00,7616.2,4.04,,-93.7,-22.3,active
103,SAT-005,2025-01-24 01:00:00,9173.4,3.84,69.5,,-38.2,active
104,SAT-005,2025-01-18 23:00:00,19033.9,6.58,52.9,-57.8,21.6,active
105,SAT-017,2025-01-13 20:00:00,16597.9,7.63,15.5,-81.7,8.2,degraded
106,SAT-003,2025-01-14 17:00:00,21977.0,3.32,34.8,-69.4,25.8,active
107,SAT-017,2025-01-26 19:00:00,15601.1,6.81,20.3,-67.6,65.3,active
108,SAT-008,2025-01-18 15:00:00,12333.8,5.18,47.4,-112.4,11.2,degraded
109,SAT-016,2025-01-03 20:00:00,3465.8,3.41,48.9,-60.4,4.7,active
110,SAT-011,2025-01-29 14:00:00,4575.9,4.7,69.9,-60.0,64.2,degraded
111,SAT-004,2025-01-25 15:00:00,18365.4,3.74,53.4,-52.2,2.0,active
112,SAT-014,2025-01-24 22:00:00,35088.8,6.93,65.2,-68.6,-36.8,degraded
113,SAT-010,2025-01-15 11:00:00,12766.6,3.87,22.9,,-31.6,degraded
114,SAT-007,2025-01-17 01:00:00,15230.0,4.64,43.3,-62.3,53.2,active
115,SAT-020,2025-01-03 02:00:00,24328.1,4.31,69.6,-81.1,13.0,active
116,SAT-004,2025-01-13 02:00:00,24480.2,5.85,57.4,-95.3,-13.5,active
117,SAT-005,2025-01-11 21:00:00,10562.2,3.58,54.8,-85.5,-24.5,active
118,SAT-012,2025-01-04 01:00:00,14415.1,6.56,49.3,-83.2,-30.7,active
119,SAT-014,2025-01-13 08:00:00,4323.2,3.1,39.2,-55.9,34.2,degraded
120,SAT-008,2025-01-19 14:00:00,21281.6,5.52,45.6,-95.2,0.7,active
121,SAT-017,2025-01-22 18:00:00,7141.8,6.73,41.6,-43.3,37.5,active
122,SAT-020,2025-01-07 12:00:00,27415.7,6.15,25.9,-58.2,19.3,offline
123,SAT-019,2025-01-28 10:00:00,22943.7,6.0,87.8,-69.8,-21.9,active
124,SAT-019,2025-01-03 09:00:00,12799.5,3.36,51.6,-117.0,4.2,active
125,SAT-020,2025-01-26 08:00:00,18353.0,5.22,59.9,-56.7,67.5,active
126,SAT-020,2025-01-21 07:00:00,18148.9,7.6,50.5,-55.1,,degraded
127,SAT-015,2025-01-19 17:00:00,18961.7,5.93,42.8,-46.6,6.5,offline
128,SAT-011,2025-01-03 19:00:00,12002.9,5.68,44.8,-99.8,62.2,active
129,SAT-005,2025-01-15 22:00:00,11306.3,6.15,69.6,-109.7,45.1,active
130,SAT-005,2025-01-29 14:00:00,25361.3,7.55,99.7,-47.0,-28.8,degraded
131,SAT-006,2025-01-10 03:00:00,12434.0,6.68,27.3,-40.0,-21.4,active
132,SAT-017,2025-01-02 14:00:00,23897.1,7.21,65.6,-72.2,-21.5,active
133,SAT-006,2025-01-19 16:00:00,1764.2,4.75,74.8,-42.4,33.3,offline
134,SAT-010,2025-01-21 00:00:00,32562.3,3.93,71.0,-74.4,12.9,offline
135,SAT-006,2025-01-09 12:00:00,28885.1,3.66,32.5,-68.7,64.9,active
136,SAT-004,2025-01-13 03:00:00,3202.7,3.77,50.4,-78.9,59.7,active
137,SAT-012,2025-01-02 03:00:00,15053.3,4.9,,-89.1,-30.2,active
138,SAT-011,2025-01-07 05:00:00,5126.1,4.38,84.7,-64.3,-23.3,degraded
139,SAT-001,2025-01-11 22:00:00,7920.4,3.72,94.6,-71.3,,offline
140,SAT-014,2025-01-28 06:00:00,28621.6,5.19,20.0,-47.6,31.6,active
141,SAT-010,2025-01-19 07:00:00,256.0,4.69,61.4,-105.0,40.2,active
142,SAT-017,2025-01-22 15:00:00,20038.6,4.87,52.3,-69.1,77.7,active
143,SAT-008,2025-01-29 00:00:00,22691.6,6.7,76.2,-93.4,-34.7,active
144,SAT-015,2025-01-30 16:00:00,17331.4,3.87,22.1,,73.2,active
145,SAT-002,2025-01-14 11:00:00,33614.7,5.47,99.0,-76.6,-9.6,offline
146,SAT-002,2025-01-28 23:00:00,12082.9,3.6,43.1,-48.8,49.2,active
147,SAT-012,2025-01-23 03:00:00,9748.6,3.4,48.2,-85.6,79.4,active
148,SAT-010,2025-01-14 01:00:00,16163.8,6.44,25.0,-84.5,13.7,degraded
149,SAT-009,2025-01-28 06:00:00,35285.0,7.55,16.8,-69.0,3.6,offline
150,SAT-020,2025-01-29 22:00:00,28171.0,3.17,16.1,,4.0,active
151,SAT-015,2025-01-16 19:00:00,13518.1,6.66,61.7,-77.6,,degraded
152,SAT-006,2025-01-22 07:00:00,18735.3,7.39,20.6,-58.0,44.5,active
153,SAT-016,2025-01-09 12:00:00,4590.4,7.09,50.7,-48.1,13.4,active
154,SAT-012,2025-01-03 18:00:00,19889.9,4.39,37.0,-107.4,45.1,degraded
155,SAT-004,2025-01-09 13:00:00,28556.0,4.14,54.5,-91.1,28.7,active
156,SAT-003,2025-01-03 19:00:00,11272.6,7.8,74.7,-77.9,52.3,active
157,SAT-015,2025-01-20 21:00:00,24547.9,4.65,89.0,-57.6,36.8,active
158,SAT-002,2025-01-06 07:00:00,18748.1,4.46,24.6,-45.2,-12.9,active
159,SAT-018,2025-01-12 17:00:00,4681.1,4.45,58.0,-79.8,-19.8,active
160,SAT-020,2025-01-15 09:00:00,30362.6,5.71,84.3,-117.7,-34.5,degraded
161,SAT-019,2025-01-18 18:00:00,22328.3,3.15,90.0,-76.4,37.0,active
162,SAT-010,2025-01-20 08:00:00,2812.4,3.29,49.6,-81.3,-15.5,active
163,SAT-012,2025-01-18 00:00:00,4881.4,4.78,60.5,-94.5,16.0,active
164,SAT-013,2025-01-27 06:00:00,15169.2,7.62,91.2,-54.9,72.1,degraded
165,SAT-017,2025-01-20 22:00:00,18055.6,4.48,12.1,-44.4,20.7,active
166,SAT-016,2025-01-26 11:00:00,31787.8,6.14,52.4,-77.1,61.7,active
167,SAT-013,2025-01-16 14:00:00,1819.7,3.25,60.6,-91.0,-5.4,active
168,SAT-020,2025-01-30 00:00:00,22075.3,3.62,18.7,-90.1,78.4,active
169,SAT-017,2025-01-18 03:00:00,18102.8,3.22,22.3,-93.4,16.8,active
170,SAT-020,2025-01-14 14:00:00,6017.6,7.75,76.5,-96.1,0.4,active
171,SAT-001,2025-01-16 17:00:00,12058.4,3.53,47.5,-95.4,67.9,degraded
172,SAT-019,2025-01-25 15:00:00,8346.0,3.25,53.2,-78.1,46.5,offline
173,SAT-002,2025-01-25 10:00:00,34145.7,3.53,11.7,-94.9,-21.8,degraded
174,SAT-016,2025-01-03 15:00:00,25466.8,5.49,60.5,-40.2,17.4,active
175,SAT-011,2025-01-24 07:00:00,12883.5,6.71,74.9,-68.5,43.2,active
176,SAT-010,2025-01-10 14:00:00,33905.2,7.71,79.4,-63.6,42.8,active
177,SAT-009,2025-01-13 06:00:00,4563.1,6.25,44.2,-41.6,58.2,offline
178,SAT-003,2025-01-15 18:00:00,33279.5,6.15,77.3,-102.9,59.4,active
179,SAT-020,2025-01-26 00:00:00,8766.3,3.24,91.5,-101.9,-12.1,active
180,SAT-005,2025-01-01 05:00:00,34729.8,7.69,24.2,-67.8,65.7,active
181,SAT-011,2025-01-13 04:00:00,23323.1,7.36,18.1,,24.2,degraded
182,SAT-014,2025-01-08 12:00:00,33634.4,3.17,85.3,-57.0,-17.6,offline
183,SAT-001,2025-01-13 17:00:00,20533.0,3.52,98.5,-97.2,78.7,active
184,SAT-017,2025-01-20 23:00:00,9967.6,6.88,39.8,-61.5,37.8,degraded
185,SAT-019,2025-01-29 18:00:00,27310.7,3.84,87.1,-48.2,59.2,active
186,SAT-005,2025-01-21 08:00:00,11784.9,4.19,33.5,-101.2,,active
187,SAT-012,2025-01-30 13:00:00,8659.6,6.21,51.9,-107.2,42.3,degraded
188,SAT-010,2025-01-16 16:00:00,22203.6,4.05,22.0,-107.7,49.7,active
189,SAT-018,2025-01-29 08:00:00,29756.6,6.66,71.2,-72.3,54.5,active
190,SAT-019,2025-01-05 18:00:00,2410.9,5.63,55.5,-74.2,-22.0,active
191,SAT-019,2025-01-21 20:00:00,3455.7,5.45,82.8,-83.7,21.6,active
192,SAT-010,2025-01-01 22:00:00,14375.0,6.92,77.1,-73.7,-34.6,active
193,SAT-003,2025-01-21 03:00:00,1336.1,4.96,79.2,-58.7,77.4,degraded
194,SAT-015,2025-01-17 02:00:00,13648.1,6.28,69.6,-76.9,38.4,active
195,SAT-005,2025-01-10 12:00:00,30086.6,6.63,98.1,-83.0,46.3,active
196,SAT-012,2025-01-07 14:00:00,10068.3,7.5,75.3,-111.0,57.1,active
197,SAT-008,2025-01-09 19:00:00,2609.0,5.85,50.2,-66.2,64.7,active
198,SAT-007,2025-01-03 09:00:00,5216.9,7.77,31.1,-46.7,29.1,active
199,SAT-010,2025-01-07 02:00:00,35487.9,5.5,47.2,-98.0,26.8,active
200,SAT-014,2025-01-24 17:00:00,17943.2,7.67,94.7,-66.3,54.3,active
201,SAT-006,2025-01-23 22:00:00,17152.0,7.08,37.1,-63.4,56.7,active
202,SAT-005,2025-01-17 13:00:00,8894.3,3.98,68.2,-46.2,61.7,active
203,SAT-013,2025-01-29 17:00:00,21857.9,3.19,16.6,-55.6,30.5,degraded
204,SAT-011,2025-01-13 22:00:00,34461.3,3.07,94.3,-43.0,-25.9,offline
205,SAT-007,2025-01-17 22:00:00,32961.5,5.65,79.8,-89.5,24.0,active
206,SAT-015,2025-01-05 04:00:00,28940.8,6.47,78.5,-94.4,-15.6,active
207,SAT-005,2025-01-01 16:00:00,9535.7,7.49,62.1,-86.6,-21.7,active
208,SAT-018,2025-01-28 22:00:00,33976.0,4.62,78.7,-80.9,46.8,degraded
209,SAT-006,2025-01-06 23:00:00,25987.2,5.34,92.5,-76.6,37.0,active
210,SAT-002,2025-01-01 06:00:00,14963.6,7.04,30.8,-63.4,-38.9,active
211,SAT-020,2025-01-21 14:00:00,23802.4,3.08,57.9,-87.1,,degraded
212,SAT-014,2025-01-08 15:00:00,4031.2,3.46,23.4,-104.6,23.2,active
213,SAT-013,2025-01-20 14:00:00,20427.1,7.75,30.3,-65.3,,degraded
214,SAT-013,2025-01-17 04:00:00,13702.7,5.28,67.3,-63.8,-30.1,active
215,SAT-004,2025-01-23 12:00:00,33105.6,4.1,,-64.6,28.0,active
216,SAT-018,2025-01-25 01:00:00,23760.3,3.86,86.5,-118.7,-15.1,active
217,SAT-003,2025-01-13 18:00:00,6015.7,4.15,85.1,-88.9,67.6,active
218,SAT-003,2025-01-22 08:00:00,26887.3,4.66,18.8,-101.4,-30.9,active
219,SAT-011,2025-01-02 06:00:00,22901.6,6.76,50.5,-101.7,26.4,active
220,SAT-003,2025-01-27 09:00:00,10774.6,4.18,16.6,-98.6,5.6,degraded
221,SAT-003,2025-01-01 05:00:00,33958.0,5.13,78.5,-111.8,-29.5,active
222,SAT-001,2025-01-04 19:00:00,12870.1,3.45,63.8,-94.0,6.2,active
223,SAT-018,2025-01-11 08:00:00,20676.2,3.81,44.3,-108.9,-3.9,active
224,SAT-010,2025-01-21 15:00:00,28219.5,4.73,95.0,-62.3,19.5,active
225,SAT-013,2025-01-15 04:00:00,30329.8,4.82,87.6,-84.8,11.7,degraded
226,SAT-007,2025-01-21 10:00:00,11447.8,7.63,97.2,-96.7,43.4,active
227,SAT-009,2025-01-17 18:00:00,13267.6,7.47,28.0,-40.2,-18.4,offline
228,SAT-007,2025-01-19 16:00:00,28757.1,6.99,16.2,-52.2,55.4,degraded
229,SAT-005,2025-01-19 01:00:00,28448.9,3.36,99.2,-81.7,8.1,active
230,SAT-002,2025-01-16 08:00:00,25318.5,6.9,63.4,-46.8,-26.9,active
231,SAT-002,2025-01-25 00:00:00,35413.2,6.25,46.0,-59.8,75.9,active
232,SAT-017,2025-01-24 19:00:00,20982.6,5.76,50.1,-88.7,52.7,active
233,SAT-016,2025-01-05 11:00:00,10776.5,7.42,17.7,-53.5,47.6,active
234,SAT-016,2025-01-15 20:00:00,17246.6,5.1,72.7,-94.5,-4.0,degraded
235,SAT-006,2025-01-11 09:00:00,18672.6,5.65,39.8,-85.9,15.4,active
236,SAT-013,2025-01-02 05:00:00,26598.5,7.24,50.5,-85.6,-39.5,active
237,SAT-003,2025-01-25 15:00:00,3842.7,7.19,26.8,-93.9,14.9,active
238,SAT-011,2025-01-26 11:00:00,14113.3,4.88,20.3,-91.8,14.9,active
239,SAT-020,2025-01-26 04:00:00,3234.1,3.64,20.6,-95.6,-18.0,degraded
240,SAT-019,2025-01-17 08:00:00,15344.8,5.34,58.4,-46.5,71.7,active
241,SAT-011,2025-01-20 05:00:00,22374.9,7.15,95.7,-81.2,-16.6,active
242,SAT-016,2025-01-18 17:00:00,25623.1,5.13,25.1,-74.8,55.5,active
243,SAT-006,2025-01-20 12:00:00,20450.3,6.71,54.6,-79.1,28.7,active
244,SAT-002,2025-01-19 19:00:00,19759.4,7.75,19.2,,50.2,active
245,SAT-003,2025-01-19 17:00:00,31177.4,3.56,83.1,-103.2,48.5,degraded
246,SAT-006,2025-01-27 06:00:00,5184.6,3.99,28.6,-115.3,2.1,active
247,SAT-010,2025-01-13 08:00:00,20703.9,7.57,56.3,-48.0,57.8,active
248,SAT-009,2025-01-28 23:00:00,4742.6,7.16,32.5,-63.1,59.4,offline
249,SAT-009,2025-01-27 18:00:00,15029.3,5.17,67.0,-49.6,-28.8,active
250,SAT-015,2025-01-21 19:00:00,11917.0,3.01,79.7,-61.4,47.7,active
251,SAT-018,2025-01-17 23:00:00,7998.3,5.06,29.1,-98.5,59.4,active
252,SAT-011,2025-01-30 02:00:00,27488.7,3.22,66.4,,-38.0,active
253,SAT-007,2025-01-30 09:00:00,32756.8,7.23,37.2,-50.0,65.2,active
254,SAT-006,2025-01-03 05:00:00,14389.0,4.47,72.9,-101.3,38.7,degraded
255,SAT-019,2025-01-10 15:00:00,18796.1,5.14,10.7,-92.5,-25.5,active
256,SAT-003,2025-01-05 08:00:00,3894.6,4.76,36.9,-89.4,57.6,active
257,SAT-019,2025-01-01 08:00:00,22049.4,3.79,41.6,-103.0,49.8,active
258,SAT-004,2025-01-06 23:00:00,27137.6,5.83,44.6,-42.9,-2.3,active
259,SAT-020,2025-01-26 14:00:00,26018.2,4.37,94.7,-117.9,61.6,active
260,SAT-013,2025-01-13 14:00:00,23332.9,6.76,81.4,-100.9,6.3,active
261,SAT-001,2025-01-16 09:00:00,33634.5,3.63,87.5,-74.5,3.8,degraded
262,SAT-003,2025-01-01 17:00:00,21227.6,3.07,29.4,-46.2,73.8,active
263,SAT-014,2025-01-19 01:00:00,25324.8,3.4,58.3,-70.7,-6.7,active
264,SAT-005,2025-01-23 21:00:00,11897.7,5.81,78.7,-68.0,37.2,active
265,SAT-002,2025-01-11 10:00:00,3286.4,5.09,50.8,-71.3,,degraded
266,SAT-005,2025-01-30 22:00:00,606.4,5.38,41.2,-78.6,58.7,active
267,SAT-009,2025-01-06 00:00:00,27817.2,3.14,82.6,-98.2,-32.3,degraded
268,SAT-017,2025-01-16 08:00:00,2184.7,7.12,25.0,-107.4,52.8,active
269,SAT-001,2025-01-02 21:00:00,30941.1,3.06,14.1,-90.9,70.4,active
270,SAT-014,2025-01-10 13:00:00,11720.5,5.0,74.8,-98.3,-30.7,active
271,SAT-008,2025-01-23 00:00:00,35334.6,7.58,16.2,-82.8,,active
272,SAT-007,2025-01-13 10:00:00,20384.3,4.46,66.0,-82.9,31.0,active
273,SAT-018,2025-01-11 11:00:00,5590.3,7.48,12.2,-76.7,,degraded
274,SAT-013,2025-01-14 02:00:00,3921.4,5.54,31.4,-80.6,-32.8,active
275,SAT-017,2025-01-18 14:00:00,25290.3,4.79,97.7,-113.2,-28.5,active
276,SAT-002,2025-01-19 13:00:00,23915.5,3.63,36.3,-51.9,71.1,active
277,SAT-009,2025-01-10 23:00:00,2873.8,3.97,80.2,-73.2,-21.4,active
278,SAT-012,2025-01-09 20:00:00,16378.6,5.22,86.7,-112.8,,active
279,SAT-011,2025-01-07 07:00:00,3465.4,4.19,42.0,-78.9,41.3,active
280,SAT-015,2025-01-24 17:00:00,26981.2,4.2,51.6,-55.7,-23.2,active
281,SAT-007,2025-01-18 02:00:00,13526.2,6.03,,-73.4,-8.9,active
282,SAT-015,2025-01-06 11:00:00,3492.8,7.07,82.8,-110.2,73.1,active
283,SAT-013,2025-01-22 04:00:00,1255.5,6.28,25.6,-102.8,-17.5,active
284,SAT-020,2025-01-11 11:00:00,23372.6,5.39,89.5,-81.7,-29.5,active
285,SAT-017,2025-01-11 15:00:00,22781.0,6.85,81.5,-40.8,53.8,active
286,SAT-019,2025-01-22 10:00:00,11713.4,4.3,12.3,-72.2,-36.5,offline
287,SAT-012,2025-01-25 22:00:00,35985.9,7.68,19.0,-67.5,-8.0,degraded
288,SAT-013,2025-01-16 03:00:00,33680.4,7.76,25.6,-101.1,,degraded
289,SAT-012,2025-01-25 05:00:00,20377.1,5.7,26.9,-41.0,,active
290,SAT-002,2025-01-10 22:00:00,21739.5,3.1,53.0,-93.5,33.7,active
291,SAT-011,2025-01-03 12:00:00,984.5,5.82,92.6,-58.1,61.6,active
292,SAT-013,2025-01-26 00:00:00,3817.0,4.45,22.3,-107.4,73.8,degraded
293,SAT-018,2025-01-30 14:00:00,32047.7,5.95,42.1,-66.8,57.7,active
294,SAT-001,2025-01-30 22:00:00,34163.4,4.88,99.5,-42.8,-36.1,active
295,SAT-019,2025-01-05 10:00:00,33733.4,3.68,77.1,-101.0,77.9,active
296,SAT-011,2025-01-20 01:00:00,608.0,4.01,,-92.0,54.4,degraded
297,SAT-006,2025-01-18 15:00:00,17852.3,4.82,59.1,-111.9,17.5,active
298,SAT-003,2025-01-02 10:00:00,10757.7,4.53,95.6,-114.1,-19.6,active
299,SAT-003,2025-01-15 10:00:00,21466.3,5.95,53.4,-117.5,73.1,active
300,SAT-011,2025-01-09 18:00:00,35083.5,4.96,59.9,-46.0,,degraded
301,SAT-019,2025-01-24 10:00:00,30266.8,3.74,42.5,-85.8,-4.7,degraded
302,SAT-007,2025-01-08 06:00:00,23047.2,7.69,52.6,-110.8,54.2,active
303,SAT-018,2025-01-17 12:00:00,6818.7,7.25,43.2,-84.3,-8.4,active
304,SAT-005,2025-01-30 17:00:00,24095.4,3.41,40.9,-76.7,76.5,active
305,SAT-017,2025-01-18 20:00:00,34769.5,6.3,94.3,-74.2,-11.7,active
306,SAT-017,2025-01-25 08:00:00,32436.3,6.84,71.0,-70.4,-25.6,offline
307,SAT-007,2025-01-09 05:00:00,4717.5,5.03,98.9,-85.2,79.7,degraded
308,SAT-003,2025-01-04 17:00:00,14093.9,4.91,39.4,-97.9,15.0,active
309,SAT-014,2025-01-05 19:00:00,15037.0,3.71,62.9,-59.3,72.8,active
310,SAT-018,2025-01-15 16:00:00,31628.6,4.27,68.9,-74.2,16.8,active
311,SAT-013,2025-01-02 15:00:00,14369.4,7.22,72.1,,17.0,active
312,SAT-010,2025-01-14 06:00:00,10236.4,5.36,72.7,-112.1,64.3,active
313,SAT-011,2025-01-12 11:00:00,26291.0,5.9,18.0,-84.7,69.6,active
314,SAT-002,2025-01-22 23:00:00,28535.4,3.31,73.9,,53.7,active
315,SAT-007,2025-01-03 11:00:00,9131.8,5.19,92.6,-63.6,-7.1,active
316,SAT-001,2025-01-11 07:00:00,13534.3,5.85,26.0,-50.4,30.4,active
317,SAT-003,2025-01-13 03:00:00,1182.7,3.24,86.8,-57.6,-14.3,active
318,SAT-014,2025-01-22 21:00:00,917.9,6.75,79.1,-119.3,69.4,degraded
319,SAT-020,2025-01-14 00:00:00,25716.1,6.4,34.8,-48.4,62.2,active
320,SAT-020,2025-01-17 22:00:00,21124.6,3.04,99.9,-42.7,60.7,active
321,SAT-004,2025-01-21 13:00:00,2485.4,7.74,67.7,-51.1,-8.7,degraded
322,SAT-017,2025-01-11 06:00:00,32408.8,6.87,82.2,,39.3,degraded
323,SAT-010,2025-01-12 01:00:00,32667.4,4.94,76.3,-73.4,79.4,active
324,SAT-016,2025-01-29 15:00:00,13034.2,4.44,25.3,-67.4,27.0,active
325,SAT-018,2025-01-08 19:00:00,34099.9,7.32,68.9,-102.2,-13.2,active
326,SAT-019,2025-01-13 13:00:00,16802.6,3.57,14.8,-69.2,29.6,active
327,SAT-013,2025-01-23 14:00:00,10881.1,3.26,86.9,-109.0,-16.0,active
328,SAT-005,2025-01-14 11:00:00,31073.7,3.87,17.3,,78.4,active
329,SAT-006,2025-01-25 14:00:00,27568.5,5.35,78.7,-113.0,33.7,degraded
330,SAT-001,2025-01-02 14:00:00,19309.4,6.51,95.5,-48.6,50.8,active
331,SAT-008,2025-01-10 15:00:00,25028.2,4.65,21.6,,30.6,active
332,SAT-015,2025-01-23 04:00:00,21550.0,4.62,89.9,-40.4,1.1,active
333,SAT-013,2025-01-01 19:00:00,8377.4,6.49,21.8,-61.3,30.8,active
334,SAT-013,2025-01-28 07:00:00,9357.3,5.57,14.4,,39.4,degraded
335,SAT-015,2025-01-17 05:00:00,4624.7,4.21,73.2,-103.6,42.3,active
336,SAT-009,2025-01-27 13:00:00,21881.7,3.66,84.8,-111.6,46.3,active
337,SAT-020,2025-01-09 12:00:00,28050.9,6.99,,-91.4,9.2,active
338,SAT-016,2025-01-15 02:00:00,8595.3,3.06,18.0,-111.2,28.9,active
339,SAT-004,2025-01-11 22:00:00,23267.3,5.19,98.0,-98.9,-34.0,active
340,SAT-011,2025-01-19 04:00:00,26639.7,3.46,78.2,-116.3,62.2,degraded
341,SAT-020,2025-01-12 10:00:00,31649.4,3.45,83.3,-105.4,8.1,active
342,SAT-014,2025-01-28 16:00:00,31923.2,3.8,21.9,-61.9,77.8,active
343,SAT-019,2025-01-29 22:00:00,15886.2,5.93,80.1,-71.1,63.5,degraded
344,SAT-004,2025-01-18 13:00:00,15976.6,3.3,68.9,-119.0,64.2,active
345,SAT-011,2025-01-23 03:00:00,18927.1,6.36,18.6,-67.1,-10.2,active
346,SAT-018,2025-01-27 03:00:00,2153.5,6.09,24.1,-52.1,62.2,active
347,SAT-009,2025-01-03 03:00:00,18348.1,5.64,44.1,-54.6,-30.5,active
348,SAT-015,2025-01-14 11:00:00,4449.7,5.39,68.8,-111.8,9.5,active
349,SAT-020,2025-01-28 04:00:00,11104.6,5.44,28.6,-66.3,74.0,active
350,SAT-011,2025-01-24 21:00:00,27673.5,5.88,74.5,-90.9,14.3,active
351,SAT-010,2025-01-24 08:00:00,18887.1,6.37,14.1,-106.9,-23.1,degraded
352,SAT-007,2025-01-09 00:00:00,4522.7,7.09,29.4,-54.0,-17.1,active
353,SAT-019,2025-01-06 06:00:00,27842.8,5.16,,-43.5,-23.8,active
354,SAT-014,2025-01-25 23:00:00,17489.0,5.44,92.9,-105.8,29.4,degraded
355,SAT-020,2025-01-14 17:00:00,18247.1,4.85,98.2,-46.7,51.5,active
356,SAT-005,2025-01-06 21:00:00,14976.3,6.36,77.4,-96.1,44.2,active
357,SAT-007,2025-01-09 22:00:00,22545.2,4.39,41.1,-66.2,77.8,degraded
358,SAT-011,2025-01-05 22:00:00,27435.7,5.7,62.5,-44.6,45.2,degraded
359,SAT-014,2025-01-01 13:00:00,18913.7,3.12,23.1,-66.4,-16.0,offline
360,SAT-005,2025-01-03 15:00:00,24923.3,4.42,77.8,-117.4,57.7,active
361,SAT-008,2025-01-28 14:00:00,20293.5,4.14,,-56.1,-5.5,degraded
362,SAT-011,2025-01-24 13:00:00,2126.1,6.57,28.3,-50.5,63.3,active
363,SAT-012,2025-01-26 02:00:00,19768.8,5.9,79.9,-42.9,-4.7,active
364,SAT-017,2025-01-06 02:00:00,13703.7,5.06,,-109.6,30.1,active
365,SAT-002,2025-01-07 13:00:00,33444.9,5.87,79.6,-70.0,61.2,active
366,SAT-011,2025-01-23 10:00:00,8074.6,3.88,16.1,-79.6,9.9,active
367,SAT-011,2025-01-15 03:00:00,13116.6,4.05,77.7,,79.6,offline
368,SAT-015,2025-01-11 06:00:00,32581.0,5.95,65.9,-43.3,41.9,active
369,SAT-009,2025-01-24 01:00:00,26118.3,3.12,56.5,,21.7,active
370,SAT-007,2025-01-14 16:00:00,18597.4,7.55,25.1,-43.5,24.6,active
371,SAT-007,2025-01-30 05:00:00,15386.7,3.5,58.4,-63.8,77.1,offline
372,SAT-005,2025-01-02 00:00:00,16640.3,4.59,17.9,-115.7,55.3,active
373,SAT-014,2025-01-17 13:00:00,16350.3,4.94,38.5,-88.8,-25.8,active
374,SAT-019,2025-01-02 22:00:00,25291.6,3.35,93.5,-111.5,54.4,active
375,SAT-013,2025-01-17 20:00:00,29632.0,3.15,24.1,-102.4,49.6,active
376,SAT-012,2025-01-01 11:00:00,20016.2,5.66,21.1,-119.6,31.6,active
377,SAT-012,2025-01-10 00:00:00,14973.0,6.1,56.1,-107.1,-13.5,active
378,SAT-002,2025-01-24 10:00:00,16713.3,5.64,36.2,-114.6,-28.2,degraded
379,SAT-008,2025-01-05 06:00:00,10407.9,3.34,27.4,-81.1,-0.6,degraded
380,SAT-012,2025-01-14 11:00:00,34520.0,3.81,38.2,-57.1,45.5,degraded
381,SAT-011,2025-01-21 11:00:00,16770.0,4.72,37.5,-75.9,-18.9,active
382,SAT-018,2025-01-09 09:00:00,9623.8,7.25,16.9,-114.0,-37.8,active
383,SAT-019,2025-01-10 01:00:00,32645.7,5.65,58.9,-40.1,16.7,offline
384,SAT-019,2025-01-13 09:00:00,4992.9,5.41,18.1,-90.9,-38.7,active
385,SAT-006,2025-01-22 22:00:00,5225.3,3.76,61.0,-74.7,64.7,active
386,SAT-008,2025-01-21 19:00:00,8496.6,4.27,31.1,-66.5,22.1,active
387,SAT-002,2025-01-28 16:00:00,11801.7,6.38,56.9,-53.6,60.2,active
388,SAT-013,2025-01-16 14:00:00,21238.9,7.31,17.0,-99.9,76.7,active
389,SAT-016,2025-01-21 13:00:00,31960.8,3.03,89.4,-84.8,-12.4,active
390,SAT-012,2025-01-26 16:00:00,25879.4,3.57,30.7,-55.1,46.4,active
391,SAT-014,2025-01-01 22:00:00,8923.4,3.61,63.3,-109.2,21.5,active
392,SAT-017,2025-01-18 07:00:00,21657.0,5.71,11.7,-62.4,39.4,active
393,SAT-016,2025-01-21 13:00:00,6306.3,6.99,64.1,-56.4,58.5,active
394,SAT-011,2025-01-20 08:00:00,21555.9,3.33,44.0,-109.4,-38.0,active
395,SAT-005,2025-01-26 20:00:00,3647.5,5.28,65.3,-116.9,54.1,active
396,SAT-020,2025-01-24 00:00:00,29825.3,7.31,79.7,-68.1,22.6,active
397,SAT-016,2025-01-17 06:00:00,12748.5,6.86,91.7,-53.0,29.1,active
398,SAT-003,2025-01-13 02:00:00,21618.9,5.61,33.2,-119.6,,active
399,SAT-007,2025-01-30 08:00:00,28993.5,4.96,19.6,-85.9,30.2,active
400,SAT-009,2025-01-30 00:00:00,14428.9,3.98,59.7,-75.4,-18.6,active
401,SAT-012,2025-01-17 23:00:00,26541.0,7.1,69.3,-60.2,13.6,degraded
402,SAT-011,2025-01-24 11:00:00,22182.1,6.29,14.7,-88.9,36.3,active
403,SAT-003,2025-01-03 17:00:00,9618.7,4.78,64.8,-62.0,71.7,active
404,SAT-020,2025-01-03 10:00:00,34056.6,6.94,67.6,-84.9,-15.8,degraded
405,SAT-020,2025-01-22 18:00:00,18666.1,4.11,25.3,-117.1,-11.3,active
406,SAT-013,2025-01-16 01:00:00,24173.9,4.95,28.0,-118.8,44.4,active
407,SAT-019,2025-01-15 20:00:00,12639.6,6.91,30.4,-43.0,14.6,active
408,SAT-004,2025-01-24 20:00:00,2791.4,4.41,95.2,-55.8,74.8,active
409,SAT-013,2025-01-25 00:00:00,17514.0,4.17,40.6,-58.0,41.8,active
410,SAT-013,2025-01-28 00:00:00,28433.9,4.06,73.1,,9.5,active
411,SAT-008,2025-01-13 06:00:00,3529.7,6.23,83.9,-113.9,71.8,active
412,SAT-006,2025-01-30 03:00:00,33503.1,3.91,76.3,-101.2,-11.0,active
413,SAT-020,2025-01-16 04:00:00,5784.6,3.51,,-65.9,39.6,active
414,SAT-016,2025-01-16 20:00:00,22419.9,5.36,98.7,-48.2,64.3,active
415,SAT-013,2025-01-10 11:00:00,27056.1,3.62,57.3,-86.1,72.8,active
416,SAT-006,2025-01-20 12:00:00,35159.0,6.35,51.4,-64.9,-38.6,active
417,SAT-009,2025-01-08 23:00:00,19838.6,4.14,52.4,-71.0,3.9,active
418,SAT-012,2025-01-18 02:00:00,10210.7,3.86,21.8,-73.9,-12.6,active
419,SAT-013,2025-01-09 08:00:00,5421.2,7.6,23.5,-55.5,-18.8,active
420,SAT-018,2025-01-14 11:00:00,28314.9,4.44,60.6,-74.6,7.8,degraded
421,SAT-004,2025-01-20 04:00:00,26856.4,4.25,,-75.4,57.2,active
422,SAT-020,2025-01-09 11:00:00,20851.4,6.12,58.5,-41.7,-5.8,active
423,SAT-003,2025-01-17 06:00:00,22169.2,5.23,96.1,-50.5,36.9,active
424,SAT-003,2025-01-04 09:00:00,5999.6,4.1,38.5,-96.7,-7.9,degraded
425,SAT-012,2025-01-26 01:00:00,18849.5,5.16,25.1,-51.7,-25.0,active
426,SAT-003,2025-01-09 23:00:00,6175.4,3.49,15.7,-49.7,25.8,active
427,SAT-004,2025-01-12 04:00:00,22328.1,3.4,93.8,-88.8,-12.5,degraded
428,SAT-006,2025-01-02 05:00:00,1458.5,4.71,92.4,-50.9,16.1,active
429,SAT-018,2025-01-08 13:00:00,21351.7,5.19,77.4,-49.8,12.2,degraded
430,SAT-018,2025-01-10 16:00:00,29008.5,5.12,42.9,-99.2,-3.6,active
431,SAT-010,2025-01-21 00:00:00,19356.5,6.3,54.3,-59.6,-4.0,offline
432,SAT-001,2025-01-24 09:00:00,13576.5,4.98,60.4,-88.4,-20.4,degraded
433,SAT-003,2025-01-19 00:00:00,22586.6,5.48,82.0,-70.9,43.3,active
434,SAT-014,2025-01-09 00:00:00,30754.7,3.88,36.1,-69.0,34.1,active
435,SAT-005,2025-01-03 02:00:00,34915.8,3.11,97.5,-97.4,-25.0,active
436,SAT-016,2025-01-10 06:00:00,12440.5,4.5,82.0,-40.2,15.6,active
437,SAT-002,2025-01-12 08:00:00,27968.4,3.34,52.3,-104.6,61.0,active
438,SAT-008,2025-01-17 10:00:00,27809.9,5.13,76.4,-117.3,15.3,offline
439,SAT-013,2025-01-30 01:00:00,34611.5,7.49,24.3,-61.7,49.4,active
440,SAT-007,2025-01-16 09:00:00,31973.2,7.15,,-111.0,35.9,active
441,SAT-013,2025-01-11 08:00:00,519.7,3.2,80.5,-82.0,31.5,active
442,SAT-020,2025-01-15 10:00:00,33524.4,7.79,66.3,-115.2,37.3,degraded
443,SAT-011,2025-01-24 19:00:00,28430.5,6.63,82.5,-84.9,-16.8,degraded
444,SAT-002,2025-01-21 16:00:00,25497.2,5.68,58.8,-80.8,28.0,active
445,SAT-020,2025-01-24 15:00:00,5940.3,5.55,,-54.4,25.0,active
446,SAT-006,2025-01-01 19:00:00,22386.5,4.75,65.8,-94.3,-32.4,active
447,SAT-018,2025-01-07 13:00:00,22146.8,4.55,,-111.2,22.8,active
448,SAT-002,2025-01-09 14:00:00,4032.6,3.92,12.9,-68.7,6.6,active
449,SAT-012,2025-01-10 10:00:00,21893.1,3.34,93.7,-103.3,19.0,active
450,SAT-014,2025-01-16 17:00:00,28634.1,3.28,65.5,-77.7,48.1,active
451,SAT-004,2025-01-10 20:00:00,19233.5,3.91,57.4,-100.1,35.0,active
452,SAT-019,2025-01-16 06:00:00,24346.8,6.37,48.4,-111.7,55.1,active
453,SAT-020,2025-01-19 21:00:00,33620.0,7.33,59.5,-40.3,61.4,active
454,SAT-020,2025-01-11 06:00:00,20360.6,4.03,78.9,-45.9,-9.5,active
455,SAT-010,2025-01-26 10:00:00,783.6,3.65,90.1,,78.1,active
456,SAT-009,2025-01-24 14:00:00,18503.5,5.74,61.4,-112.5,15.2,active
457,SAT-008,2025-01-11 22:00:00,29236.5,3.44,46.0,-46.6,48.1,degraded
458,SAT-019,2025-01-05 01:00:00,21509.3,4.44,75.8,-73.9,-30.6,active
459,SAT-014,2025-01-18 18:00:00,33502.8,3.58,79.3,-60.2,61.9,active
460,SAT-017,2025-01-02 18:00:00,11631.5,5.71,39.4,-64.2,-21.6,degraded
461,SAT-020,2025-01-25 13:00:00,18269.3,4.07,36.1,-88.5,-24.1,active
462,SAT-009,2025-01-04 15:00:00,14467.3,5.09,72.8,-59.0,17.7,active
463,SAT-020,2025-01-23 08:00:00,9015.6,3.34,79.9,-94.1,70.9,active
464,SAT-007,2025-01-14 16:00:00,12534.0,6.15,79.3,-106.5,2.0,active
465,SAT-008,2025-01-09 12:00:00,24735.9,3.75,75.6,-113.1,48.7,active
466,SAT-010,2025-01-01 14:00:00,12489.1,6.86,37.5,-82.3,-0.2,degraded
467,SAT-009,2025-01-24 09:00:00,17492.3,6.5,22.7,-64.1,-37.8,active
468,SAT-002,2025-01-13 02:00:00,7384.9,6.34,34.4,-82.8,73.4,active
469,SAT-012,2025-01-05 14:00:00,883.0,7.16,68.4,-101.5,5.7,degraded
470,SAT-018,2025-01-04 18:00:00,6873.7,5.4,51.2,-45.9,-37.4,active
471,SAT-006,2025-01-01 18:00:00,12614.7,4.69,66.3,-101.1,77.4,active
472,SAT-013,2025-01-02 06:00:00,34000.1,7.56,30.3,-92.7,7.1,active
473,SAT-020,2025-01-27 16:00:00,24777.5,5.0,61.6,-85.9,-2.5,active
474,SAT-005,2025-01-25 18:00:00,19580.5,6.84,87.6,-95.3,44.6,active
475,SAT-005,2025-01-28 23:00:00,33602.5,7.4,38.6,-75.4,73.8,active
476,SAT-001,2025-01-14 14:00:00,31708.7,4.99,47.0,-84.6,72.1,degraded
477,SAT-004,2025-01-06 14:00:00,6813.9,6.66,65.1,-98.7,,active
478,SAT-003,2025-01-30 08:00:00,28117.8,3.64,86.2,-82.5,37.9,active
479,SAT-007,2025-01-10 15:00:00,1353.8,6.67,11.4,-98.4,9.6,offline
480,SAT-006,2025-01-19 17:00:00,31243.2,5.35,39.2,-83.4,-10.4,active
481,SAT-011,2025-01-17 19:00:00,22091.9,6.56,63.4,-78.0,65.1,active
482,SAT-002,2025-01-11 11:00:00,18769.6,4.9,76.2,-75.4,21.9,degraded
483,SAT-010,2025-01-13 04:00:00,16716.2,5.03,65.2,-115.6,22.0,active
484,SAT-017,2025-01-05 19:00:00,6635.8,5.81,90.5,-76.3,7.2,active
485,SAT-007,2025-01-20 09:00:00,3428.4,4.56,68.4,-63.1,-20.3,degraded
486,SAT-012,2025-01-04 15:00:00,18952.7,4.84,81.2,,74.0,active
487,SAT-011,2025-01-25 03:00:00,31392.7,7.14,24.6,-108.4,52.3,active
488,SAT-015,2025-01-13 07:00:00,22627.0,3.56,,-103.8,34.7,active
489,SAT-001,2025-01-26 22:00:00,31800.8,4.14,63.0,,9.2,active
490,SAT-009,2025-01-27 10:00:00,22705.1,6.94,,-105.2,-33.4,active
491,SAT-020,2025-01-13 17:00:00,12053.8,3.42,19.8,-40.5,-20.6,active
492,SAT-018,2025-01-08 13:00:00,34793.3,6.6,42.4,-117.1,52.2,active
493,SAT-014,2025-01-24 11:00:00,2524.3,5.26,21.0,-51.2,-0.5,active
494,SAT-004,2025-01-25 09:00:00,26324.3,6.02,98.8,-81.3,42.6,degraded
495,SAT-017,2025-01-25 12:00:00,35821.9,4.7,21.7,-75.0,22.4,degraded
496,SAT-008,2025-01-13 09:00:00,35257.4,3.01,12.2,-70.0,-25.8,active
497,SAT-011,2025-01-15 22:00:00,20262.9,6.06,11.0,-103.9,-6.2,active
498,SAT-001,2025-01-05 20:00:00,24752.9,4.64,75.2,-70.7,-36.5,active
499,SAT-016,2025-01-21 05:00:00,28741.7,6.1,53.3,-69.8,67.0,active
500,SAT-002,2025-01-23 05:00:00,10916.5,6.48,38.4,-77.1,-15.0,degraded
