Date,Open,Close,Up/Down,Change in stock price,Actual up/down tomorrow
28/04/2016,119.580002,116.730003,Down,-2.849999,1
29/04/2016,116.82,117.580002,Up,0.760002,1
02/05/2016,117.830002,118.57,Up,0.739998,0
03/05/2016,117.519997,117.43,Down,-0.089997,1
04/05/2016,116.610001,118.059998,Up,1.449997,0
05/05/2016,118.040001,117.809998,Down,-0.230003,1
06/05/2016,117.160004,119.489998,Up,2.329994,0
09/05/2016,119.540001,119.239998,Down,-0.300003,1
10/05/2016,119.620003,120.5,Up,0.879997,0
11/05/2016,120.410004,119.519997,Down,-0.890007,1
12/05/2016,119.980003,120.279999,Up,0.299996,0
13/05/2016,120.379997,119.809998,Down,-0.569999,0
16/05/2016,119.379997,118.669998,Down,-0.709999,0
17/05/2016,118.82,117.349998,Down,-1.470002,1
18/05/2016,116.800003,117.650002,Up,0.849999,0
19/05/2016,117.050003,116.809998,Down,-0.240005,1
20/05/2016,116.959999,117.349998,Up,0.389999,0
23/05/2016,117.419998,115.970001,Down,-1.449997,1
24/05/2016,116.239998,117.699997,Up,1.459999,0
25/05/2016,118.129997,117.889999,Down,-0.239998,1
26/05/2016,118.239998,119.470001,Up,1.230003,0
27/05/2016,119.559998,119.379997,Down,-0.180001,0
31/05/2016,119.459999,118.809998,Down,-0.650001,1
01/06/2016,118.5,118.779999,Up,0.279999,1
02/06/2016,118.690002,118.93,Up,0.239998,0
03/06/2016,118.980003,118.470001,Down,-0.510002,1
06/06/2016,118.620003,118.790001,Up,0.169998,0
07/06/2016,119.239998,117.760002,Down,-1.479996,1
08/06/2016,117.760002,118.389999,Up,0.629997,1
09/06/2016,118.129997,118.559998,Up,0.430001,0
10/06/2016,117.540001,116.620003,Down,-0.919998,0
13/06/2016,115,113.949997,Down,-1.050003,1
14/06/2016,114.07,114.940002,Up,0.870002,0
15/06/2016,115.300003,114.599998,Down,-0.700005,1
16/06/2016,113.870003,114.389999,Up,0.519996,0
17/06/2016,114.419998,113.019997,Down,-1.400001,0
20/06/2016,113.769997,113.370003,Down,-0.399994,1
21/06/2016,114.120003,114.379997,Up,0.259994,0
22/06/2016,114.650002,113.910004,Down,-0.739998,1
23/06/2016,114.370003,115.080002,Up,0.709999,1
24/06/2016,111.010002,112.080002,Up,1.07,0
27/06/2016,111.57,108.970001,Down,-2.599999,1
28/06/2016,110.629997,112.699997,Up,2.07,1
29/06/2016,113.370003,114.160004,Up,0.790001,0
30/06/2016,114.669998,114.279999,Down,-0.389999,0
01/07/2016,114.199997,114.190002,Down,-0.009995,1
05/07/2016,113.940002,114.199997,Up,0.259995,1
06/07/2016,113.360001,116.699997,Up,3.339996,0
07/07/2016,116.629997,115.849998,Down,-0.779999,1
08/07/2016,116.43,117.239998,Up,0.809998,1
11/07/2016,117.709999,117.870003,Up,0.160004,0
12/07/2016,118.629997,117.93,Down,-0.699997,0
13/07/2016,118.389999,116.779999,Down,-1.61,0
14/07/2016,117.5,117.290001,Down,-0.209999,0
15/07/2016,117.739998,116.860001,Down,-0.879997,1
18/07/2016,117.32,119.370003,Up,2.050003,1
19/07/2016,118.989998,120.610001,Up,1.620003,1
20/07/2016,121.25,121.919998,Up,0.669998,0
21/07/2016,121.919998,120.610001,Down,-1.309997,1
22/07/2016,119.900002,121,Up,1.099998,1
25/07/2016,121.389999,121.629997,Up,0.239998,0
26/07/2016,122,121.220001,Down,-0.779999,1
27/07/2016,122.419998,123.339996,Up,0.919998,0
28/07/2016,127.519997,125,Down,-2.519997,0
29/07/2016,124.650002,123.940002,Down,-0.71,1
01/08/2016,123.849998,124.309998,Up,0.46,0
02/08/2016,124.059998,123.089996,Down,-0.970002,0
03/08/2016,123.089996,122.510002,Down,-0.579994,1
04/08/2016,122.940002,124.360001,Up,1.419999,1
05/08/2016,124.980003,125.150002,Up,0.169999,1
08/08/2016,125.25,125.260002,Up,0.010002,0
09/08/2016,125.339996,125.059998,Down,-0.279998,0
10/08/2016,125.07,124.879997,Down,-0.190003,0
11/08/2016,125.199997,124.900002,Down,-0.299995,1
12/08/2016,124.699997,124.879997,Up,0.18,0
15/08/2016,124.910004,123.900002,Down,-1.010002,0
16/08/2016,123.5,123.300003,Down,-0.199997,1
17/08/2016,123.660004,124.370003,Up,0.709999,0
18/08/2016,124.010002,123.910004,Down,-0.099998,0
19/08/2016,123.599998,123.559998,Down,-0.04,1
22/08/2016,123.330002,124.150002,Up,0.82,0
23/08/2016,124.510002,124.370003,Down,-0.139999,0
24/08/2016,124.470001,123.480003,Down,-0.989998,1
25/08/2016,123.120003,123.889999,Up,0.769996,1
26/08/2016,124.050003,124.959999,Up,0.909996,1
29/08/2016,124.349998,126.540001,Up,2.190003,0
30/08/2016,126.599998,125.839996,Down,-0.760002,1
31/08/2016,125.599998,126.120003,Up,0.520005,0
01/09/2016,126.379997,126.169998,Down,-0.209999,0
02/09/2016,126.849998,126.510002,Down,-0.339996,1
06/09/2016,126.669998,129.729996,Up,3.059998,1
07/09/2016,130.039993,131.050003,Up,1.01001,0
08/09/2016,130.919998,130.270004,Down,-0.649994,0
09/09/2016,129.710007,127.099998,Down,-2.610009,1
12/09/2016,125.959999,128.690002,Up,2.730003,0
13/09/2016,128.029999,127.209999,Down,-0.82,1
14/09/2016,126.889999,127.769997,Up,0.879998,1
15/09/2016,127.980003,128.350006,Up,0.370003,1
16/09/2016,128.199997,129.070007,Up,0.87001,0
19/09/2016,129.910004,128.649994,Down,-1.26001,0
20/09/2016,128.649994,128.639999,Down,-0.009995,1
21/09/2016,129.130005,129.940002,Up,0.809997,0
22/09/2016,130.5,130.080002,Down,-0.419998,1
23/09/2016,127.559998,127.959999,Up,0.400001,0
26/09/2016,127.370003,127.309998,Down,-0.060005,1
27/09/2016,127.610001,128.690002,Up,1.080001,1
28/09/2016,129.210007,129.229996,Up,0.019989,0
29/09/2016,129.179993,128.089996,Down,-1.089997,1
30/09/2016,128.029999,128.270004,Up,0.240005,1
03/10/2016,128.380005,128.770004,Up,0.389999,0
04/10/2016,129.169998,128.190002,Down,-0.979996,1
05/10/2016,128.25,128.470001,Up,0.220001,1
06/10/2016,128.429993,128.740005,Up,0.310012,0
07/10/2016,129.039993,128.990005,Down,-0.049988,1
10/10/2016,129.679993,130.240005,Up,0.560012,0
11/10/2016,130.229996,128.880005,Down,-1.349991,1
12/10/2016,129.009995,129.050003,Up,0.040008,0
13/10/2016,128.210007,127.82,Down,-0.390007,0
14/10/2016,128.490005,127.879997,Down,-0.610008,0
17/10/2016,128.199997,127.540001,Down,-0.659996,0
18/10/2016,128.679993,128.570007,Down,-0.109986,1
19/10/2016,128.740005,130.110001,Up,1.369996,0
20/10/2016,130.070007,130,Down,-0.070007,1
21/10/2016,129.779999,132.070007,Up,2.290008,1
24/10/2016,132.720001,133.279999,Up,0.559998,0
25/10/2016,133.5,132.289993,Down,-1.210007,0
26/10/2016,131.639999,131.039993,Down,-0.600006,0
27/10/2016,131.740005,129.690002,Down,-2.050003,1
28/10/2016,130.5,131.289993,Up,0.789993,0
31/10/2016,132.009995,130.990005,Down,-1.01999,0
01/11/2016,131.410004,129.5,Down,-1.910004,0
02/11/2016,130.229996,127.169998,Down,-3.059998,0
03/11/2016,122,120,Down,-2,1
04/11/2016,119.589996,120.75,Up,1.160004,0
07/11/2016,122.830002,122.150002,Down,-0.68,1
08/11/2016,122.029999,124.220001,Up,2.190002,1
09/11/2016,121.5,123.18,Up,1.68,0
10/11/2016,123.93,120.800003,Down,-3.129997,0
11/11/2016,119.529999,119.019997,Down,-0.510002,0
14/11/2016,119.129997,115.080002,Down,-4.049995,1
15/11/2016,116.730003,117.199997,Up,0.469994,1
16/11/2016,114.480003,116.339996,Up,1.859993,1
17/11/2016,116.809998,117.790001,Up,0.980003,0
18/11/2016,118.389999,117.019997,Down,-1.370002,1
21/11/2016,118.199997,121.769997,Up,3.57,0
22/11/2016,122.400002,121.470001,Down,-0.930001,0
23/11/2016,121.230003,120.839996,Down,-0.390007,0
25/11/2016,121.010002,120.379997,Down,-0.630005,1
28/11/2016,120.120003,120.410004,Up,0.290001,1
29/11/2016,120.57,120.870003,Up,0.300003,0
30/11/2016,120.32,118.419998,Down,-1.900002,0
01/12/2016,118.379997,115.099998,Down,-3.279999,1
02/12/2016,115.110001,115.400002,Up,0.290001,1
05/12/2016,115.949997,117.43,Up,1.480003,0
06/12/2016,117.690002,117.309998,Down,-0.380004,1
07/12/2016,117,117.949997,Up,0.949997,1
08/12/2016,117.980003,118.910004,Up,0.930001,1
09/12/2016,119.220001,119.68,Up,0.459999,0
12/12/2016,119.220001,117.769997,Down,-1.450004,1
13/12/2016,117.860001,120.309998,Up,2.449997,1
14/12/2016,120,120.209999,Up,0.209999,1
15/12/2016,120.080002,120.57,Up,0.489998,0
16/12/2016,120.900002,119.870003,Down,-1.029999,0
19/12/2016,119.849998,119.239998,Down,-0.61,0
20/12/2016,119.5,119.089996,Down,-0.410004,1
21/12/2016,118.919998,119.040001,Up,0.120003,0
22/12/2016,118.860001,117.400002,Down,-1.459999,1
23/12/2016,117,117.269997,Up,0.269997,1
27/12/2016,116.959999,118.010002,Up,1.050003,0
28/12/2016,118.190002,116.919998,Down,-1.270004,0
29/12/2016,117,116.349998,Down,-0.650002,0
30/12/2016,116.599998,115.050003,Down,-1.549995,1
03/01/2017,116.029999,116.860001,Up,0.830002,1
04/01/2017,117.550003,118.690002,Up,1.139999,1
05/01/2017,118.860001,120.669998,Up,1.809997,1
06/01/2017,120.980003,123.410004,Up,2.430001,1
09/01/2017,123.550003,124.900002,Up,1.349999,0
10/01/2017,124.82,124.349998,Down,-0.470002,1
11/01/2017,124.349998,126.089996,Up,1.739998,1
12/01/2017,125.610001,126.620003,Up,1.010002,1
13/01/2017,127.489998,128.339996,Up,0.849998,0
17/01/2017,128.039993,127.870003,Down,-0.16999,0
18/01/2017,128.410004,127.919998,Down,-0.490006,0
19/01/2017,128.229996,127.550003,Down,-0.679993,0
20/01/2017,128.100006,127.040001,Down,-1.060005,1
23/01/2017,127.309998,128.929993,Up,1.619995,0
24/01/2017,129.380005,129.369995,Down,-0.01001,1
25/01/2017,130,131.479996,Up,1.479996,1
26/01/2017,131.630005,132.779999,Up,1.149994,0
27/01/2017,132.679993,132.179993,Down,-0.5,0
30/01/2017,131.580002,130.979996,Down,-0.600006,1
31/01/2017,130.169998,130.320007,Up,0.150009,1
01/02/2017,132.25,133.229996,Up,0.979996,0
02/02/2017,133.220001,130.839996,Down,-2.380005,0
03/02/2017,131.240005,130.979996,Down,-0.260009,1
06/02/2017,130.979996,132.059998,Up,1.080002,0
07/02/2017,132.240005,131.839996,Down,-0.400009,1
08/02/2017,132.600006,134.199997,Up,1.599991,0
09/02/2017,134.490005,134.139999,Down,-0.350006,1
10/02/2017,134.100006,134.190002,Up,0.089996,0
13/02/2017,134.699997,134.050003,Down,-0.649994,0
14/02/2017,134.100006,133.850006,Down,-0.25,0
15/02/2017,133.449997,133.440002,Down,-0.009995,1
16/02/2017,133.070007,133.839996,Up,0.769989,1
17/02/2017,133.5,133.529999,Up,0.029999,1
21/02/2017,133.5,133.720001,Up,0.220001,1
22/02/2017,133.600006,136.119995,Up,2.519989,0
23/02/2017,135.889999,135.360001,Down,-0.529998,1
24/02/2017,134.160004,135.440002,Up,1.279998,1
27/02/2017,135.259995,136.410004,Up,1.150009,0
28/02/2017,136.789993,135.539993,Down,-1.25,1
01/03/2017,136.470001,137.419998,Up,0.949997,0
02/03/2017,137.089996,136.759995,Down,-0.330001,1
03/03/2017,136.630005,137.169998,Up,0.539993,1
06/03/2017,136.880005,137.419998,Up,0.539993,1
07/03/2017,137.029999,137.300003,Up,0.270004,1
08/03/2017,137.149994,137.720001,Up,0.570007,1
09/03/2017,137.720001,138.240005,Up,0.520004,0
10/03/2017,138.910004,138.789993,Down,-0.120011,1
13/03/2017,138.710007,139.600006,Up,0.889999,0
14/03/2017,139.460007,139.320007,Down,-0.14,1
15/03/2017,139.289993,139.720001,Up,0.430008,0
16/03/2017,140.199997,139.990005,Down,-0.209992,0
17/03/2017,140.339996,139.839996,Down,-0.5,1
20/03/2017,139.710007,139.940002,Up,0.229995,0
21/03/2017,141.149994,138.509995,Down,-2.639999,1
22/03/2017,137.929993,139.589996,Up,1.660003,1
23/03/2017,139.479996,139.529999,Up,0.050003,1
24/03/2017,140.080002,140.339996,Up,0.259994,1
27/03/2017,139.050003,140.320007,Up,1.270004,1
28/03/2017,140.360001,141.759995,Up,1.399994,1
29/03/2017,141.990005,142.649994,Up,0.659989,1
30/03/2017,142.399994,142.410004,Up,0.01001,0
31/03/2017,142.309998,142.050003,Down,-0.259995,1
03/04/2017,141.929993,142.279999,Up,0.350006,0
04/04/2017,141.860001,141.729996,Down,-0.130005,0
05/04/2017,142.259995,141.850006,Down,-0.409989,0
06/04/2017,142.110001,141.169998,Down,-0.940003,0
07/04/2017,141.199997,140.779999,Down,-0.419998,1
10/04/2017,141,141.039993,Up,0.039993,0
11/04/2017,140.800003,139.919998,Down,-0.880005,0
12/04/2017,139.720001,139.580002,Down,-0.139999,0
13/04/2017,139.619995,139.389999,Down,-0.229996,1
17/04/2017,139.759995,141.419998,Up,1.660003,0
18/04/2017,141.270004,140.960007,Down,-0.309997,1
19/04/2017,141.350006,142.270004,Up,0.919998,1
20/04/2017,142.949997,143.800003,Up,0.850006,0
21/04/2017,143.899994,143.679993,Down,-0.220001,1
24/04/2017,144.960007,145.470001,Up,0.509994,1
25/04/2017,145.789993,146.490005,Up,0.700012,0
26/04/2017,147.089996,146.559998,Down,-0.529998,1
27/04/2017,146.669998,147.699997,Up,1.029999,1
28/04/2017,149.5,150.25,Up,0.75,1
01/05/2017,151.740005,152.460007,Up,0.720002,0
02/05/2017,153.339996,152.779999,Down,-0.559997,0
03/05/2017,153.600006,151.800003,Down,-1.800003,1
04/05/2017,150.169998,150.850006,Up,0.680008,0
05/05/2017,151.449997,150.240005,Down,-1.209992,1
08/05/2017,150.710007,151.059998,Up,0.349991,0
09/05/2017,151.490005,150.479996,Down,-1.010009,1
10/05/2017,150.229996,150.289993,Up,0.059997,0
11/05/2017,150.309998,150.039993,Down,-0.270005,0
12/05/2017,150.399994,150.330002,Down,-0.069992,1
15/05/2017,150.169998,150.190002,Up,0.020004,0
16/05/2017,150.110001,149.779999,Down,-0.330002,0
17/05/2017,148,144.850006,Down,-3.149994,1
18/05/2017,144.720001,147.660004,Up,2.940003,0
19/05/2017,148.449997,148.059998,Down,-0.389999,1
22/05/2017,148.080002,148.240005,Up,0.160003,0
23/05/2017,148.520004,148.070007,Down,-0.449997,1
24/05/2017,148.509995,150.039993,Up,1.529998,1
25/05/2017,150.300003,151.960007,Up,1.660004,0
26/05/2017,152.229996,152.130005,Down,-0.099991,1
30/05/2017,151.970001,152.380005,Up,0.410004,0
31/05/2017,152.699997,151.460007,Down,-1.23999,0
01/06/2017,151.75,151.529999,Down,-0.220001,1
02/06/2017,151.850006,153.610001,Up,1.759995,0
05/06/2017,153.639999,153.630005,Down,-0.009994,0
06/06/2017,153.410004,152.809998,Down,-0.600006,0
07/06/2017,153.270004,153.119995,Down,-0.150009,1
08/06/2017,154.080002,154.710007,Up,0.630005,0
09/06/2017,154.770004,149.600006,Down,-5.169998,1
12/06/2017,148.169998,148.440002,Up,0.270004,1
13/06/2017,150.149994,150.679993,Up,0.529999,0
14/06/2017,151.259995,150.25,Down,-1.009995,1
15/06/2017,147.669998,149.800003,Up,2.130005,1
16/06/2017,149.589996,150.639999,Up,1.050003,1
19/06/2017,151.710007,152.869995,Up,1.159988,0
20/06/2017,152.880005,152.25,Down,-0.630005,1
21/06/2017,152.360001,153.910004,Up,1.550003,1
22/06/2017,153.009995,153.399994,Up,0.389999,1
23/06/2017,152.720001,155.070007,Up,2.350006,0
26/06/2017,156.25,153.589996,Down,-2.660004,0
27/06/2017,152.839996,150.580002,Down,-2.259994,1
28/06/2017,150.919998,153.240005,Up,2.320007,0
29/06/2017,152.279999,151.039993,Down,-1.240006,0
30/06/2017,151.899994,150.979996,Down,-0.919998,0
03/07/2017,151.720001,148.429993,Down,-3.290008,1
05/07/2017,149,150.339996,Up,1.339996,0
06/07/2017,149.029999,148.820007,Down,-0.209992,1
07/07/2017,149.25,151.440002,Up,2.190002,1
10/07/2017,151.690002,153.5,Up,1.809998,1
11/07/2017,153.369995,155.270004,Up,1.900009,1
12/07/2017,156.490005,158.899994,Up,2.409989,1
13/07/2017,158.740005,159.259995,Up,0.51999,0
14/07/2017,160.130005,159.970001,Down,-0.160004,0
17/07/2017,160.25,159.729996,Down,-0.520004,1
18/07/2017,159.660004,162.860001,Up,3.199997,1
19/07/2017,163.589996,164.139999,Up,0.550003,0
20/07/2017,164.800003,164.529999,Down,-0.270004,1
21/07/2017,164.160004,164.429993,Up,0.269989,1
24/07/2017,164.639999,166,Up,1.360001,1
25/07/2017,165.009995,165.279999,Up,0.270004,0
26/07/2017,166.009995,165.610001,Down,-0.399994,0
27/07/2017,174.699997,170.440002,Down,-4.259995,1
28/07/2017,169.070007,172.449997,Up,3.37999,0
31/07/2017,172,169.25,Down,-2.75,1
01/08/2017,169.820007,169.860001,Up,0.039994,0
02/08/2017,170.300003,169.300003,Down,-1,0
03/08/2017,169.300003,168.589996,Down,-0.710007,1
04/08/2017,168.970001,169.619995,Up,0.649994,1
07/08/2017,169.949997,171.979996,Up,2.029999,0
08/08/2017,171.880005,171.229996,Down,-0.650009,1
09/08/2017,169.979996,171.179993,Up,1.199997,0
10/08/2017,170.059998,167.399994,Down,-2.660004,1
11/08/2017,167.949997,168.080002,Up,0.130005,1
14/08/2017,170.089996,170.75,Up,0.660004,0
15/08/2017,171.490005,171,Down,-0.490005,0
16/08/2017,171.25,170,Down,-1.25,0
17/08/2017,169.339996,166.910004,Down,-2.429992,1
18/08/2017,166.839996,167.410004,Up,0.570008,1
21/08/2017,167.160004,167.779999,Up,0.619995,1
22/08/2017,168.279999,169.639999,Up,1.36,0
23/08/2017,168.839996,168.710007,Down,-0.129989,0
24/08/2017,168.880005,167.740005,Down,-1.14,0
25/08/2017,167.860001,166.320007,Down,-1.539994,1
28/08/2017,166.910004,167.240005,Up,0.330001,1
29/08/2017,165.25,168.050003,Up,2.800003,1
30/08/2017,168.169998,169.919998,Up,1.75,1
31/08/2017,170.399994,171.970001,Up,1.570007,0
01/09/2017,172.399994,172.020004,Down,-0.37999,0
05/09/2017,171.270004,170.720001,Down,-0.550003,1
06/09/2017,170.910004,172.089996,Up,1.179992,1
07/09/2017,171.940002,173.210007,Up,1.270005,0
08/09/2017,173.089996,170.949997,Down,-2.139999,1
11/09/2017,172.399994,173.509995,Up,1.110001,0
12/09/2017,173.759995,172.960007,Down,-0.799988,1
13/09/2017,173.009995,173.050003,Up,0.040008,0
14/09/2017,172.259995,170.960007,Down,-1.299988,1
15/09/2017,170.880005,171.639999,Up,0.759994,0
18/09/2017,171.990005,170.009995,Down,-1.98001,1
19/09/2017,170.619995,172.520004,Up,1.900009,0
20/09/2017,172.5,172.169998,Down,-0.330002,0
21/09/2017,171.690002,171.110001,Down,-0.580001,1
22/09/2017,170.210007,170.539993,Up,0.329986,0
25/09/2017,169.240005,162.869995,Down,-6.37001,0
26/09/2017,164.5,164.210007,Down,-0.289993,1
27/09/2017,165.899994,167.679993,Up,1.779999,1
28/09/2017,167.940002,168.729996,Up,0.789994,1
29/09/2017,168.830002,170.869995,Up,2.039993,0
02/10/2017,171.389999,169.470001,Down,-1.919998,1
03/10/2017,169.300003,169.960007,Up,0.660004,0
04/10/2017,169.830002,168.419998,Down,-1.410004,1
05/10/2017,169.179993,171.240005,Up,2.060012,1
06/10/2017,170.25,172.229996,Up,1.979996,0
09/10/2017,172.699997,172.5,Down,-0.199997,0
10/10/2017,173,171.589996,Down,-1.410004,1
11/10/2017,171.949997,172.740005,Up,0.790008,0
12/10/2017,172.610001,172.550003,Down,-0.059998,1
13/10/2017,173.449997,173.740005,Up,0.290008,1
16/10/2017,174.490005,174.520004,Up,0.029999,1
17/10/2017,174.710007,176.110001,Up,1.399994,0
18/10/2017,176.649994,176.029999,Down,-0.619995,0
19/10/2017,174.929993,174.559998,Down,-0.369995,0
20/10/2017,175.5,174.979996,Down,-0.520004,0
23/10/2017,175.199997,171.270004,Down,-3.929993,0
24/10/2017,172.300003,171.800003,Down,-0.5,0
25/10/2017,171.899994,170.600006,Down,-1.299988,0
26/10/2017,171.380005,170.630005,Down,-0.75,1
27/10/2017,174.149994,177.880005,Up,3.730011,1
30/10/2017,179.259995,179.869995,Up,0.61,0
31/10/2017,180.570007,180.059998,Down,-0.510009,1
01/11/2017,182.360001,182.660004,Up,0.300003,0
02/11/2017,180.630005,178.919998,Down,-1.710007,0
03/11/2017,179.289993,178.919998,Down,-0.369995,1
06/11/2017,178.559998,180.169998,Up,1.61,0
07/11/2017,180.5,180.25,Down,-0.25,0
08/11/2017,179.789993,179.559998,Down,-0.229995,1
09/11/2017,178.309998,179.300003,Up,0.990005,1
10/11/2017,178.350006,178.460007,Up,0.110001,1
13/11/2017,177.5,178.770004,Up,1.270004,0
14/11/2017,178.130005,178.070007,Down,-0.059998,1
15/11/2017,176.660004,177.949997,Up,1.289993,1
16/11/2017,178.759995,179.589996,Up,0.830001,0
17/11/2017,179.300003,179,Down,-0.300003,0
20/11/2017,178.869995,178.740005,Down,-0.12999,1
21/11/2017,179.149994,181.860001,Up,2.710007,0
22/11/2017,181.300003,180.869995,Down,-0.430008,1
24/11/2017,180.399994,182.779999,Up,2.380005,1
27/11/2017,182.559998,183.029999,Up,0.470001,0
28/11/2017,183.509995,182.419998,Down,-1.089997,0
29/11/2017,181.889999,175.130005,Down,-6.759994,1
30/11/2017,176.850006,177.179993,Up,0.329987,0
01/12/2017,176.029999,175.100006,Down,-0.929993,0
04/12/2017,176.289993,171.470001,Down,-4.819992,1
05/12/2017,170.449997,172.830002,Up,2.380005,1
06/12/2017,172.5,176.059998,Up,3.559998,1
07/12/2017,175.800003,180.139999,Up,4.339996,0
08/12/2017,181.529999,179,Down,-2.529999,0
11/12/2017,179.300003,179.039993,Down,-0.26001,0
12/12/2017,178.600006,176.960007,Down,-1.639999,1
13/12/2017,177.300003,178.300003,Up,1,1
14/12/2017,178.289993,178.389999,Up,0.100006,1
15/12/2017,179.020004,180.179993,Up,1.159989,0
18/12/2017,181.009995,180.820007,Down,-0.189988,0
19/12/2017,179.949997,179.509995,Down,-0.440002,0
20/12/2017,179.809998,177.889999,Down,-1.919999,0
21/12/2017,177.940002,177.449997,Down,-0.490005,1
22/12/2017,177.139999,177.199997,Up,0.059998,0
26/12/2017,176.630005,175.990005,Down,-0.64,1
27/12/2017,176.550003,177.619995,Up,1.069992,0
28/12/2017,177.949997,177.919998,Down,-0.029999,0
29/12/2017,178,176.460007,Down,-1.539993,1
02/01/2018,177.679993,181.419998,Up,3.740005,1
03/01/2018,181.880005,184.669998,Up,2.789993,0
04/01/2018,184.899994,184.330002,Down,-0.569992,1
05/01/2018,185.589996,186.850006,Up,1.26001,1
08/01/2018,187.199997,188.279999,Up,1.080002,0
09/01/2018,188.699997,187.869995,Down,-0.830002,1
10/01/2018,186.940002,187.839996,Up,0.899994,0
11/01/2018,188.399994,187.770004,Down,-0.62999,1
12/01/2018,178.059998,179.369995,Up,1.309997,0
16/01/2018,181.5,178.389999,Down,-3.110001,0
17/01/2018,179.259995,177.600006,Down,-1.659989,1
18/01/2018,178.130005,179.800003,Up,1.669998,1
19/01/2018,180.850006,181.289993,Up,0.439987,1
22/01/2018,180.800003,185.369995,Up,4.569992,1
23/01/2018,186.050003,189.350006,Up,3.300003,0
24/01/2018,189.889999,186.550003,Down,-3.339996,0
25/01/2018,187.949997,187.479996,Down,-0.470001,1
26/01/2018,187.75,190,Up,2.25,0
29/01/2018,188.75,185.979996,Down,-2.770004,0
30/01/2018,187.619995,187.119995,Down,-0.5,0
31/01/2018,188.369995,186.889999,Down,-1.479996,1
01/02/2018,188.220001,193.089996,Up,4.869995,0
02/02/2018,192.039993,190.279999,Down,-1.759994,0
05/02/2018,186.929993,181.259995,Down,-5.669998,1
06/02/2018,178.570007,185.309998,Up,6.739991,0
07/02/2018,184.149994,180.179993,Down,-3.970001,0
08/02/2018,181.009995,171.580002,Down,-9.429993,1
09/02/2018,174.759995,176.110001,Up,1.350006,0
12/02/2018,177.059998,176.410004,Down,-0.649994,0
13/02/2018,175.619995,173.149994,Down,-2.470001,1
14/02/2018,173.449997,179.520004,Up,6.070007,0
15/02/2018,180.5,179.960007,Down,-0.539993,0
16/02/2018,178.990005,177.360001,Down,-1.630004,1
20/02/2018,175.770004,176.009995,Up,0.239991,1
21/02/2018,176.710007,177.910004,Up,1.199997,1
22/02/2018,178.699997,178.990005,Up,0.290008,1
23/02/2018,179.899994,183.289993,Up,3.389999,1
26/02/2018,184.580002,184.929993,Up,0.349991,0
27/02/2018,184.449997,181.460007,Down,-2.98999,0
28/02/2018,182.300003,178.320007,Down,-3.979996,0
01/03/2018,179.009995,175.940002,Down,-3.069993,1
02/03/2018,173.289993,176.619995,Up,3.330002,1
05/03/2018,176.199997,180.399994,Up,4.199997,0
06/03/2018,181.779999,179.779999,Down,-2,1
07/03/2018,178.740005,183.710007,Up,4.970002,0
08/03/2018,183.559998,182.339996,Down,-1.220002,1
09/03/2018,183.910004,185.229996,Up,1.319992,0
12/03/2018,185.229996,184.759995,Down,-0.470001,0
13/03/2018,185.610001,181.880005,Down,-3.729996,1
14/03/2018,182.600006,184.190002,Up,1.589996,1
15/03/2018,183.240005,183.860001,Up,0.619996,1
16/03/2018,184.490005,185.089996,Up,0.599991,0
19/03/2018,177.009995,172.559998,Down,-4.449997,1
20/03/2018,167.470001,168.149994,Up,0.679993,1
21/03/2018,164.800003,169.389999,Up,4.589996,0
22/03/2018,166.130005,164.889999,Down,-1.240006,0
23/03/2018,165.440002,159.389999,Down,-6.050003,0
26/03/2018,160.820007,160.059998,Down,-0.760009,0
27/03/2018,156.309998,152.220001,Down,-4.089997,1
28/03/2018,151.649994,153.029999,Up,1.380005,1
29/03/2018,155.149994,159.789993,Up,4.639999,0
02/04/2018,157.809998,155.389999,Down,-2.419999,0
03/04/2018,156.550003,156.110001,Down,-0.440002,1
04/04/2018,152.029999,155.100006,Up,3.070007,0
05/04/2018,161.559998,159.339996,Down,-2.220002,0
06/04/2018,157.729996,157.199997,Down,-0.529999,1
09/04/2018,157.820007,157.929993,Up,0.109986,1
10/04/2018,157.929993,165.039993,Up,7.11,1
11/04/2018,165.360001,166.320007,Up,0.960006,0
12/04/2018,166.979996,163.869995,Down,-3.110001,0
13/04/2018,164.580002,164.520004,Down,-0.059998,0
16/04/2018,165.720001,164.830002,Down,-0.889999,1
17/04/2018,165.830002,168.660004,Up,2.830002,0
18/04/2018,166.880005,166.360001,Down,-0.520004,1
19/04/2018,166.199997,168.100006,Up,1.900009,0
20/04/2018,167.789993,166.279999,Down,-1.509994,0
23/04/2018,167.270004,165.839996,Down,-1.430008,0
24/04/2018,165.429993,159.690002,Down,-5.739991,0
25/04/2018,160.139999,159.690002,Down,-0.449997,1
26/04/2018,173.220001,174.160004,Up,0.940003,0
27/04/2018,176.809998,173.589996,Down,-3.220002,0
30/04/2018,173.789993,172,Down,-1.789993,1
01/05/2018,172,173.860001,Up,1.860001,1
02/05/2018,174.25,176.070007,Up,1.820007,0
03/05/2018,175.130005,174.020004,Down,-1.110001,1
04/05/2018,173.080002,176.610001,Up,3.529999,1
07/05/2018,177.350006,177.970001,Up,0.619995,1
08/05/2018,178.25,178.919998,Up,0.669998,1
09/05/2018,179.669998,182.660004,Up,2.990006,1
10/05/2018,183.149994,185.529999,Up,2.380005,1
11/05/2018,184.850006,186.990005,Up,2.139999,0
14/05/2018,187.710007,186.639999,Down,-1.070008,0
15/05/2018,184.880005,184.320007,Down,-0.559998,0
16/05/2018,183.699997,183.199997,Down,-0.5,1
17/05/2018,182.679993,183.759995,Up,1.080002,0
18/05/2018,183.490005,182.679993,Down,-0.810012,1
21/05/2018,183.770004,184.490005,Up,0.720001,0
22/05/2018,184.929993,183.800003,Down,-1.12999,1
23/05/2018,182.5,186.899994,Up,4.399994,1
24/05/2018,185.880005,185.929993,Up,0.049988,0
25/05/2018,186.020004,184.919998,Down,-1.100006,1
29/05/2018,184.339996,185.740005,Up,1.400009,1
30/05/2018,186.539993,187.669998,Up,1.130005,1
31/05/2018,187.869995,191.779999,Up,3.910004,1
01/06/2018,193.070007,193.990005,Up,0.919998,1
04/06/2018,191.839996,193.279999,Up,1.440003,0
05/06/2018,194.300003,192.940002,Down,-1.360001,1
06/06/2018,191.029999,191.339996,Up,0.309997,0
07/06/2018,190.75,188.179993,Down,-2.570007,1
08/06/2018,187.529999,189.100006,Up,1.570007,1
11/06/2018,188.809998,191.539993,Up,2.729995,1
12/06/2018,192.169998,192.399994,Up,0.229996,0
13/06/2018,192.740005,192.410004,Down,-0.330001,1
14/06/2018,193.100006,196.809998,Up,3.709992,1
15/06/2018,195.789993,195.850006,Up,0.060013,1
18/06/2018,194.800003,198.309998,Up,3.509995,1
19/06/2018,196.240005,197.490005,Up,1.25,1
20/06/2018,199.100006,202,Up,2.899994,0
21/06/2018,202.759995,201.5,Down,-1.259995,1
22/06/2018,201.160004,201.740005,Up,0.580001,0
25/06/2018,200,196.350006,Down,-3.649994,1
26/06/2018,197.600006,199,Up,1.399994,0
27/06/2018,199.179993,195.839996,Down,-3.339997,1
28/06/2018,195.179993,196.229996,Up,1.050003,0
29/06/2018,197.320007,194.320007,Down,-3,1
02/07/2018,193.369995,197.360001,Up,3.990006,0
03/07/2018,194.550003,192.729996,Down,-1.820007,1
05/07/2018,194.740005,198.449997,Up,3.709992,1
06/07/2018,198.449997,203.229996,Up,4.779999,0
09/07/2018,204.929993,204.740005,Down,-0.189988,0
10/07/2018,204.5,203.539993,Down,-0.960007,1
11/07/2018,202.220001,202.539993,Up,0.319992,1
12/07/2018,203.429993,206.919998,Up,3.490005,0
13/07/2018,207.809998,207.320007,Down,-0.489991,0
16/07/2018,207.5,207.229996,Down,-0.270004,1
17/07/2018,204.899994,209.990005,Up,5.090011,0
18/07/2018,209.820007,209.360001,Down,-0.460006,0
19/07/2018,208.770004,208.089996,Down,-0.680008,1
20/07/2018,208.850006,209.940002,Up,1.089996,1
23/07/2018,210.580002,210.910004,Up,0.330002,0
24/07/2018,215.110001,214.669998,Down,-0.440003,1
25/07/2018,215.720001,217.5,Up,1.779999,1
26/07/2018,174.889999,176.259995,Up,1.369996,0
27/07/2018,179.869995,174.889999,Down,-4.979996,0
30/07/2018,175.300003,171.059998,Down,-4.240005,1
31/07/2018,170.669998,172.580002,Up,1.910004,0
01/08/2018,173.929993,171.649994,Down,-2.279999,1
02/08/2018,170.679993,176.369995,Up,5.690002,1
03/08/2018,177.690002,177.779999,Up,0.089997,1
06/08/2018,178.970001,185.690002,Up,6.720001,0
07/08/2018,186.5,183.809998,Down,-2.690002,1
08/08/2018,184.75,185.179993,Up,0.429993,0
09/08/2018,185.850006,183.089996,Down,-2.76001,0
10/08/2018,182.039993,180.259995,Down,-1.779998,0
13/08/2018,180.100006,180.050003,Down,-0.050003,1
14/08/2018,180.710007,181.110001,Up,0.399994,1
15/08/2018,179.339996,179.529999,Up,0.190003,0
16/08/2018,180.419998,174.699997,Down,-5.720001,0
17/08/2018,174.5,173.800003,Down,-0.699997,0
20/08/2018,174.039993,172.5,Down,-1.539993,0
21/08/2018,172.809998,172.619995,Down,-0.190003,1
22/08/2018,172.210007,173.639999,Up,1.429992,0
23/08/2018,173.089996,172.899994,Down,-0.190002,1
24/08/2018,173.699997,174.649994,Up,0.949997,1
27/08/2018,175.990005,177.460007,Up,1.470002,0
28/08/2018,178.100006,176.259995,Down,-1.840011,0
29/08/2018,176.300003,175.899994,Down,-0.400009,1
30/08/2018,175.899994,177.639999,Up,1.740005,0
31/08/2018,177.149994,175.729996,Down,-1.419998,0
04/09/2018,173.5,171.160004,Down,-2.339996,0
05/09/2018,169.490005,167.179993,Down,-2.310012,0
06/09/2018,166.979996,162.529999,Down,-4.449997,1
07/09/2018,160.309998,163.039993,Up,2.729995,1
10/09/2018,163.509995,164.179993,Up,0.669998,1
11/09/2018,163.940002,165.940002,Up,2,0
12/09/2018,163.25,162,Down,-1.25,0
13/09/2018,162,161.360001,Down,-0.639999,1
14/09/2018,161.720001,162.320007,Up,0.600006,0
17/09/2018,161.919998,160.580002,Down,-1.339996,1
18/09/2018,159.389999,160.300003,Up,0.910004,1
19/09/2018,160.080002,163.059998,Up,2.979996,1
20/09/2018,164.5,166.020004,Up,1.520004,0
21/09/2018,166.639999,162.929993,Down,-3.710006,1
24/09/2018,161.029999,165.410004,Up,4.380005,1
25/09/2018,161.990005,164.910004,Up,2.919999,1
26/09/2018,164.300003,166.949997,Up,2.649994,1
27/09/2018,167.550003,168.839996,Up,1.289993,0
28/09/2018,168.330002,164.460007,Down,-3.869995,0
01/10/2018,163.029999,162.440002,Down,-0.589997,0
02/10/2018,161.580002,159.330002,Down,-2.25,1
03/10/2018,160,162.429993,Up,2.429993,0
04/10/2018,161.460007,158.850006,Down,-2.610001,0
05/10/2018,159.210007,157.330002,Down,-1.880005,1
08/10/2018,155.539993,157.25,Up,1.710007,1
09/10/2018,157.690002,157.899994,Up,0.209992,0
10/10/2018,156.820007,151.380005,Down,-5.440002,1
11/10/2018,150.130005,153.350006,Up,3.220001,0
12/10/2018,156.729996,153.740005,Down,-2.989991,1
15/10/2018,153.320007,153.520004,Up,0.199997,1
16/10/2018,155.399994,158.779999,Up,3.380005,0
17/10/2018,159.559998,159.419998,Down,-0.14,0
18/10/2018,158.509995,154.919998,Down,-3.589997,0
19/10/2018,155.860001,154.050003,Down,-1.809998,1
22/10/2018,154.759995,154.779999,Up,0.020004,1
23/10/2018,151.220001,154.389999,Up,3.169998,0
24/10/2018,154.279999,146.039993,Down,-8.240006,1
25/10/2018,147.729996,150.949997,Up,3.220001,0
26/10/2018,145.820007,145.369995,Down,-0.450012,0
29/10/2018,148.5,142.089996,Down,-6.410004,1
30/10/2018,139.940002,146.220001,Up,6.279999,0
31/10/2018,155,151.789993,Down,-3.210007,1
01/11/2018,151.520004,151.75,Up,0.229996,0
02/11/2018,151.800003,150.350006,Down,-1.449997,0
05/11/2018,150.100006,148.679993,Down,-1.420013,1
06/11/2018,149.309998,149.940002,Up,0.630004,0
07/11/2018,151.570007,151.529999,Down,-0.040008,0
08/11/2018,150.490005,147.869995,Down,-2.62001,0
09/11/2018,146.75,144.960007,Down,-1.789993,0
12/11/2018,144.479996,141.550003,Down,-2.929993,1
13/11/2018,142,142.160004,Up,0.160004,1
14/11/2018,143.699997,144.220001,Up,0.520004,1
15/11/2018,142.330002,143.850006,Up,1.520004,0
16/11/2018,141.070007,139.529999,Down,-1.540008,0
19/11/2018,137.610001,131.550003,Down,-6.059998,1
20/11/2018,127.029999,132.429993,Up,5.399994,1
21/11/2018,134.399994,134.820007,Up,0.420013,0
23/11/2018,133.649994,131.729996,Down,-1.919998,1
26/11/2018,133,136.380005,Up,3.380005,0
27/11/2018,135.75,135,Down,-0.75,1
28/11/2018,136.279999,136.759995,Up,0.479996,1
29/11/2018,135.919998,138.679993,Up,2.759995,1
30/11/2018,138.259995,140.610001,Up,2.350006,0
03/12/2018,143,141.089996,Down,-1.910004,0
04/12/2018,140.729996,137.929993,Down,-2.800003,1
06/12/2018,133.820007,139.630005,Up,5.809998,0
07/12/2018,139.25,137.419998,Down,-1.830002,1
10/12/2018,139.600006,141.850006,Up,2.25,0
11/12/2018,143.880005,142.080002,Down,-1.800003,1
12/12/2018,143.080002,144.5,Up,1.419998,0
13/12/2018,145.570007,145.009995,Down,-0.560012,1
14/12/2018,143.339996,144.059998,Up,0.720002,0
17/12/2018,143.080002,140.190002,Down,-2.89,1
18/12/2018,141.080002,143.660004,Up,2.580002,0
19/12/2018,141.210007,133.240005,Down,-7.970002,1
20/12/2018,130.699997,133.399994,Up,2.699997,0
21/12/2018,133.389999,124.949997,Down,-8.440002,1
24/12/2018,123.099998,124.059998,Up,0.96,1
26/12/2018,126,134.179993,Up,8.179993,1
27/12/2018,132.440002,134.520004,Up,2.080002,0
28/12/2018,135.339996,133.199997,Down,-2.139999,0
31/12/2018,134.449997,131.089996,Down,-3.360001,1
02/01/2019,128.990005,135.679993,Up,6.689988,0
03/01/2019,134.690002,131.740005,Down,-2.949997,1
04/01/2019,134.009995,137.949997,Up,3.940002,1
07/01/2019,137.559998,138.050003,Up,0.490005,1
08/01/2019,139.889999,142.529999,Up,2.64,1
09/01/2019,142.949997,144.229996,Up,1.279999,1
10/01/2019,143.080002,144.199997,Up,1.119995,1
11/01/2019,143.149994,143.800003,Up,0.650009,1
14/01/2019,142,145.389999,Up,3.389999,1
15/01/2019,146.009995,148.949997,Up,2.940002,0
16/01/2019,149,147.539993,Down,-1.460007,1
17/01/2019,146.949997,148.300003,Up,1.350006,1
18/01/2019,149.75,150.039993,Up,0.289993,0
22/01/2019,149.199997,147.570007,Down,-1.62999,0
23/01/2019,148.279999,144.300003,Down,-3.979996,1
24/01/2019,144.639999,145.830002,Up,1.190003,1
25/01/2019,147.479996,149.009995,Up,1.529999,0
28/01/2019,148.050003,147.470001,Down,-0.580002,0
29/01/2019,148.089996,144.190002,Down,-3.899994,1
30/01/2019,146.220001,150.419998,Up,4.199997,1
31/01/2019,165.600006,166.690002,Up,1.089996,0
01/02/2019,165.839996,165.710007,Down,-0.129989,1
04/02/2019,165.699997,169.25,Up,3.550003,1
05/02/2019,169.149994,171.160004,Up,2.01001,0
06/02/2019,171.199997,170.490005,Down,-0.709992,0
07/02/2019,168.199997,166.380005,Down,-1.819992,1
08/02/2019,164.470001,167.330002,Up,2.860001,0
11/02/2019,167.899994,165.789993,Down,-2.110001,0
12/02/2019,166.860001,165.039993,Down,-1.820008,0
13/02/2019,165.380005,164.070007,Down,-1.309998,1
14/02/2019,163.190002,163.949997,Up,0.759995,0
15/02/2019,164.509995,162.5,Down,-2.009995,1
19/02/2019,160.5,162.289993,Up,1.789993,1
20/02/2019,162.25,162.559998,Up,0.309998,0
21/02/2019,161.929993,160.039993,Down,-1.89,1
22/02/2019,160.580002,161.889999,Up,1.309997,1
25/02/2019,163.070007,164.619995,Up,1.549988,0
26/02/2019,164.339996,164.130005,Down,-0.209991,0
27/02/2019,162.899994,162.809998,Down,-0.089996,0
28/02/2019,162.369995,161.449997,Down,-0.919998,0
01/03/2019,162.600006,162.279999,Down,-0.320007,1
04/03/2019,163.899994,167.369995,Up,3.470001,1
05/03/2019,167.369995,171.259995,Up,3.89,0
06/03/2019,172.899994,172.509995,Down,-0.389999,0
07/03/2019,171.5,169.130005,Down,-2.369995,1
08/03/2019,166.199997,169.600006,Up,3.400009,1
11/03/2019,171.600006,172.070007,Up,0.470001,0
12/03/2019,172.089996,171.919998,Down,-0.169998,1
13/03/2019,172.320007,173.369995,Up,1.049988,1
14/03/2019,169.759995,170.169998,Up,0.410003,0
15/03/2019,167.160004,165.979996,Down,-1.180008,0
18/03/2019,163.570007,160.470001,Down,-3.100006,1
19/03/2019,161.479996,161.570007,Up,0.090011,1
20/03/2019,161.5,165.440002,Up,3.940002,1
21/03/2019,164.889999,166.080002,Up,1.190003,0
22/03/2019,165.649994,164.339996,Down,-1.309998,1
25/03/2019,163,166.289993,Up,3.289993,1
26/03/2019,167.350006,167.679993,Up,0.329987,0
27/03/2019,167.850006,165.869995,Down,-1.980011,1
28/03/2019,164.570007,165.550003,Up,0.979996,1
29/03/2019,166.389999,166.690002,Up,0.300003,1
01/04/2019,167.830002,168.699997,Up,0.869995,1
02/04/2019,170.139999,174.199997,Up,4.059998,0
03/04/2019,174.5,173.539993,Down,-0.960007,0
04/04/2019,176.020004,176.020004,Down,0,0
05/04/2019,176.880005,175.720001,Down,-1.160004,0
08/04/2019,175.210007,174.929993,Down,-0.280014,1
09/04/2019,175.619995,177.580002,Up,1.960007,0
10/04/2019,178.179993,177.820007,Down,-0.359986,0
11/04/2019,178.240005,177.509995,Down,-0.73001,1
12/04/2019,178,179.100006,Up,1.100006,1
15/04/2019,178.5,179.649994,Up,1.149994,0
16/04/2019,179,178.869995,Down,-0.130005,0
17/04/2019,179.600006,178.779999,Down,-0.820007,0
18/04/2019,178.800003,178.279999,Down,-0.520004,1
22/04/2019,178.25,181.440002,Up,3.190002,1
23/04/2019,182.740005,183.779999,Up,1.039994,0
24/04/2019,184.490005,182.580002,Down,-1.910003,0
25/04/2019,196.979996,193.259995,Down,-3.720001,0
26/04/2019,192.5,191.490005,Down,-1.009995,1
29/04/2019,190.949997,194.779999,Up,3.830002,0
30/04/2019,194.190002,193.399994,Down,-0.790008,0
01/05/2019,194.779999,193.029999,Down,-1.75,0
02/05/2019,193,192.529999,Down,-0.470001,1
03/05/2019,194.380005,195.470001,Up,1.089996,1
06/05/2019,191.240005,193.880005,Up,2.64,0
07/05/2019,192.539993,189.770004,Down,-2.769989,1
08/05/2019,189.389999,189.539993,Up,0.149994,1
09/05/2019,187.199997,188.649994,Up,1.449997,1
10/05/2019,188.25,188.339996,Up,0.089996,0
13/05/2019,183.5,181.539993,Down,-1.960007,0
14/05/2019,182.520004,180.729996,Down,-1.790008,1
15/05/2019,180.419998,186.270004,Up,5.850006,1
16/05/2019,185.050003,186.990005,Up,1.940002,1
17/05/2019,184.839996,185.300003,Up,0.460007,1
20/05/2019,181.880005,182.720001,Up,0.839996,1
21/05/2019,184.570007,184.820007,Up,0.25,1
22/05/2019,184.729996,185.320007,Up,0.590011,0
23/05/2019,182.419998,180.869995,Down,-1.550003,0
24/05/2019,182.330002,181.059998,Down,-1.270004,1
28/05/2019,181.539993,184.309998,Up,2.770005,0
29/05/2019,183.5,182.190002,Down,-1.309998,0
30/05/2019,183.080002,183.009995,Down,-0.070007,0
31/05/2019,180.279999,177.470001,Down,-2.809998,0
03/06/2019,175,164.149994,Down,-10.850006,1
04/06/2019,163.710007,167.5,Up,3.789993,1
05/06/2019,167.479996,168.169998,Up,0.690002,1
06/06/2019,168.300003,168.330002,Up,0.029999,1
07/06/2019,170.169998,173.350006,Up,3.180008,1
10/06/2019,174.75,174.820007,Up,0.070007,0
11/06/2019,178.479996,178.100006,Down,-0.37999,0
12/06/2019,178.380005,175.039993,Down,-3.340012,1
13/06/2019,175.529999,177.470001,Up,1.940002,1
14/06/2019,180.509995,181.330002,Up,0.820007,1
17/06/2019,185.009995,189.009995,Up,4,0
18/06/2019,194,188.470001,Down,-5.529999,1
19/06/2019,187,187.479996,Up,0.479996,0
20/06/2019,190.949997,189.529999,Down,-1.419998,1
21/06/2019,188.75,191.139999,Up,2.389999,1
24/06/2019,192.419998,192.600006,Up,0.180008,0
25/06/2019,192.880005,188.839996,Down,-4.040009,0
26/06/2019,189.539993,187.660004,Down,-1.879989,0
27/06/2019,189.880005,189.5,Down,-0.380005,1
28/06/2019,190.550003,193,Up,2.449997,0
01/07/2019,195.210007,193,Down,-2.210007,1
02/07/2019,193,195,Up,2,1
03/07/2019,194.160004,197.199997,Up,3.039993,1
05/07/2019,196.179993,196.399994,Up,0.220001,1
08/07/2019,195.190002,195.759995,Up,0.569993,1
09/07/2019,194.970001,199.210007,Up,4.240006,1
10/07/2019,200,202.729996,Up,2.729996,0
11/07/2019,203.259995,201.229996,Down,-2.029999,1
12/07/2019,199.679993,204.869995,Up,5.190002,0
15/07/2019,204.25,203.910004,Down,-0.339996,0
16/07/2019,203.889999,203.839996,Down,-0.050003,0
17/07/2019,204.179993,201.800003,Down,-2.37999,1
18/07/2019,200.149994,200.779999,Up,0.630005,0
19/07/2019,202.179993,198.360001,Down,-3.819992,1
22/07/2019,199.910004,202.320007,Up,2.410003,0
23/07/2019,202.839996,202.360001,Down,-0.479995,1
24/07/2019,197.630005,204.660004,Up,7.029999,0
25/07/2019,206.699997,200.710007,Down,-5.98999,0
26/07/2019,200.190002,199.75,Down,-0.440002,0
29/07/2019,199,195.940002,Down,-3.059998,1
30/07/2019,195.389999,197.039993,Up,1.649994,0
31/07/2019,196.949997,194.229996,Down,-2.720001,0
01/08/2019,194.169998,192.729996,Down,-1.440002,0
02/08/2019,191.100006,189.020004,Down,-2.080002,0
05/08/2019,184.690002,181.729996,Down,-2.960006,1
06/08/2019,183.690002,184.509995,Up,0.819993,1
07/08/2019,183.600006,185.149994,Up,1.549988,1
08/08/2019,186.619995,190.160004,Up,3.540009,0
09/08/2019,190,187.850006,Down,-2.149994,0
12/08/2019,186.850006,185.369995,Down,-1.480011,1
13/08/2019,185.520004,188.449997,Up,2.929993,0
14/08/2019,185.800003,179.710007,Down,-6.089996,1
15/08/2019,180.949997,182.589996,Up,1.639999,0
16/08/2019,183.75,183.699997,Down,-0.050003,1
19/08/2019,186.009995,186.169998,Up,0.160003,0
20/08/2019,185.449997,183.809998,Down,-1.639999,0
21/08/2019,185,183.550003,Down,-1.449997,0
22/08/2019,183.429993,182.039993,Down,-1.39,0
23/08/2019,180.839996,177.75,Down,-3.089996,1
26/08/2019,179.399994,180.360001,Up,0.960007,0
27/08/2019,181.929993,181.300003,Down,-0.62999,1
28/08/2019,180.529999,181.759995,Up,1.229996,1
29/08/2019,183.770004,185.570007,Up,1.800003,0
30/08/2019,186.779999,185.669998,Down,-1.110001,0
03/09/2019,184,182.389999,Down,-1.610001,1
04/09/2019,184.649994,187.139999,Up,2.490005,1
05/09/2019,188.529999,190.899994,Up,2.369995,0
06/09/2019,190.210007,187.490005,Down,-2.720002,1
09/09/2019,187.729996,188.759995,Up,1.029999,0
10/09/2019,187.440002,186.169998,Down,-1.270004,1
11/09/2019,186.460007,188.490005,Up,2.029998,0
12/09/2019,189.860001,187.470001,Down,-2.39,0
13/09/2019,187.330002,187.190002,Down,-0.14,0
16/09/2019,186.929993,186.220001,Down,-0.709992,1
17/09/2019,186.660004,188.080002,Up,1.419998,1
18/09/2019,188.089996,188.139999,Up,0.050003,1
19/09/2019,188.660004,190.139999,Up,1.479995,0
20/09/2019,190.660004,189.929993,Down,-0.730011,0
23/09/2019,189.339996,186.820007,Down,-2.519989,0
24/09/2019,187.979996,181.279999,Down,-6.699997,1
25/09/2019,181.449997,182.800003,Up,1.350006,0
26/09/2019,181.330002,180.110001,Down,-1.220001,0
27/09/2019,180.490005,177.100006,Down,-3.389999,1
30/09/2019,177.869995,178.080002,Up,0.210007,0
01/10/2019,179.149994,175.809998,Down,-3.339996,0
02/10/2019,174.839996,174.600006,Down,-0.23999,1
03/10/2019,175.570007,179.380005,Up,3.809998,1
04/10/2019,179.550003,180.449997,Up,0.899994,0
07/10/2019,180,179.679993,Down,-0.320007,0
08/10/2019,178.259995,177.75,Down,-0.509995,1
09/10/2019,179.160004,179.850006,Up,0.690002,0
10/10/2019,180.320007,180.029999,Down,-0.290008,1
11/10/2019,182.149994,184.190002,Up,2.040008,0
14/10/2019,184.199997,183.279999,Down,-0.919998,1
15/10/2019,183.800003,188.889999,Up,5.089996,1
16/10/2019,188.320007,189.550003,Up,1.229996,1
17/10/2019,190.300003,190.389999,Up,0.089996,0
18/10/2019,190.229996,185.850006,Down,-4.37999,1
21/10/2019,187.039993,189.759995,Up,2.720002,0
22/10/2019,190,182.339996,Down,-7.660004,1
23/10/2019,182.009995,186.149994,Up,4.139999,1
24/10/2019,184.619995,186.380005,Up,1.76001,1
25/10/2019,185.830002,187.889999,Up,2.059997,1
28/10/2019,187.199997,189.399994,Up,2.199997,0
29/10/2019,191.690002,189.309998,Down,-2.380004,0
30/10/2019,189.559998,188.25,Down,-1.309998,0
31/10/2019,196.699997,191.649994,Down,-5.050003,1
01/11/2019,192.850006,193.619995,Up,0.769989,1
04/11/2019,194.550003,194.720001,Up,0.169998,0
05/11/2019,195.369995,194.320007,Down,-1.049988,0
06/11/2019,194.029999,191.550003,Down,-2.479996,0
07/11/2019,191.910004,190.419998,Down,-1.490006,1
08/11/2019,190,190.839996,Up,0.839996,0
11/11/2019,189.929993,189.610001,Down,-0.319992,1
12/11/2019,190,194.470001,Up,4.470001,0
13/11/2019,194.699997,193.190002,Down,-1.509995,1
14/11/2019,192.929993,193.149994,Up,0.220001,1
15/11/2019,194.259995,195.100006,Up,0.840011,1
18/11/2019,194.559998,197.399994,Up,2.839996,1
19/11/2019,197.399994,199.320007,Up,1.920013,0
20/11/2019,198.580002,197.509995,Down,-1.070007,1
21/11/2019,197.419998,197.929993,Up,0.509995,1
22/11/2019,198.380005,198.820007,Up,0.440002,1
25/11/2019,199.520004,199.789993,Up,0.269989,0
26/11/2019,200,198.970001,Down,-1.029999,1
27/11/2019,199.899994,202,Up,2.100006,1
29/11/2019,201.600006,201.639999,Up,0.039993,0
02/12/2019,202.130005,199.699997,Down,-2.430008,1
03/12/2019,197.600006,198.820007,Up,1.220001,0
04/12/2019,200,198.710007,Down,-1.289993,0
05/12/2019,199.860001,199.360001,Down,-0.5,1
06/12/2019,200.5,201.050003,Up,0.550003,1
09/12/2019,200.649994,201.339996,Up,0.690002,0
10/12/2019,201.660004,200.869995,Down,-0.790009,1
11/12/2019,200.279999,202.259995,Up,1.979996,0
12/12/2019,202.350006,196.75,Down,-5.600006,0
13/12/2019,196.399994,194.110001,Down,-2.289993,1
16/12/2019,195.270004,197.919998,Up,2.649994,0
17/12/2019,198.839996,198.389999,Down,-0.449997,1
18/12/2019,200.089996,202.5,Up,2.410004,1
19/12/2019,202.779999,206.059998,Up,3.279999,0
20/12/2019,207.479996,206.300003,Down,-1.179993,0
23/12/2019,206.699997,206.179993,Down,-0.520004,0
24/12/2019,206.300003,205.119995,Down,-1.180008,1
26/12/2019,205.570007,207.789993,Up,2.219986,0
27/12/2019,208.669998,208.100006,Down,-0.569992,0
30/12/2019,207.860001,204.410004,Down,-3.449997,1
31/12/2019,204,205.25,Up,1.25,1
02/01/2020,206.75,209.779999,Up,3.029999,1
03/01/2020,207.210007,208.669998,Up,1.459991,1
06/01/2020,206.699997,212.600006,Up,5.900009,1
07/01/2020,212.820007,213.059998,Up,0.239991,1
08/01/2020,213,215.220001,Up,2.220001,1
09/01/2020,217.539993,218.300003,Up,0.76001,0
10/01/2020,219.199997,218.059998,Down,-1.139999,1
13/01/2020,219.600006,221.910004,Up,2.309998,0
14/01/2020,221.610001,219.059998,Down,-2.550003,1
15/01/2020,220.610001,221.149994,Up,0.539993,0
16/01/2020,222.570007,221.770004,Down,-0.800003,1
17/01/2020,222.029999,222.139999,Up,0.11,0
21/01/2020,222.160004,221.440002,Down,-0.720002,0
22/01/2020,222.309998,221.320007,Down,-0.989991,0
23/01/2020,220.75,219.759995,Down,-0.990005,0
24/01/2020,220.800003,217.940002,Down,-2.860001,1
27/01/2020,213.100006,214.869995,Up,1.769989,1
28/01/2020,216.139999,217.789993,Up,1.649994,1
29/01/2020,221.440002,223.229996,Up,1.789994,1
30/01/2020,206.529999,209.529999,Up,3,0
31/01/2020,208.429993,201.910004,Down,-6.519989,1
03/02/2020,203.440002,204.190002,Up,0.75,1
04/02/2020,206.619995,209.830002,Up,3.210007,0
05/02/2020,212.509995,210.110001,Down,-2.399994,1
06/02/2020,210.470001,210.850006,Up,0.380005,1
07/02/2020,210.300003,212.330002,Up,2.029999,1
10/02/2020,211.520004,213.059998,Up,1.539994,0
11/02/2020,210.190002,207.190002,Down,-3,1
12/02/2020,207.850006,210.759995,Up,2.909989,1
13/02/2020,209.520004,213.139999,Up,3.619995,1
14/02/2020,214,214.179993,Up,0.179993,1
18/02/2020,213.550003,217.800003,Up,4.25,0
19/02/2020,217.990005,217.490005,Down,-0.5,0
20/02/2020,216.520004,214.580002,Down,-1.940002,0
21/02/2020,213.479996,210.179993,Down,-3.300003,0
24/02/2020,201.800003,200.720001,Down,-1.080002,0
25/02/2020,202.25,196.770004,Down,-5.479996,1
26/02/2020,197.190002,197.199997,Up,0.009995,0
27/02/2020,191.820007,189.75,Down,-2.070007,1
28/02/2020,182.699997,192.470001,Up,9.770004,1
02/03/2020,194.029999,196.440002,Up,2.410003,0
03/03/2020,196.220001,185.889999,Down,-10.330002,1
04/03/2020,189.169998,191.759995,Up,2.589997,0
05/03/2020,186.779999,185.169998,Down,-1.610001,1
06/03/2020,178.330002,181.089996,Up,2.759994,0
09/03/2020,169.600006,169.5,Down,-0.100006,1
10/03/2020,174.669998,178.190002,Up,3.520004,0
11/03/2020,174.009995,170.240005,Down,-3.76999,0
12/03/2020,159.539993,154.470001,Down,-5.069992,1
13/03/2020,163.529999,170.279999,Up,6.75,0
16/03/2020,152.320007,146.009995,Down,-6.310012,0
17/03/2020,150.740005,149.419998,Down,-1.320007,1
18/03/2020,139.75,146.960007,Up,7.210007,1
19/03/2020,146.619995,153.130005,Up,6.51001,0
20/03/2020,156.020004,149.729996,Down,-6.290008,0
23/03/2020,149.660004,148.100006,Down,-1.559998,1
24/03/2020,155.210007,160.979996,Up,5.769989,0
25/03/2020,158.919998,156.210007,Down,-2.709991,1
26/03/2020,158.25,163.339996,Up,5.089996,0
27/03/2020,158.199997,156.789993,Down,-1.410004,1
30/03/2020,159.179993,165.949997,Up,6.770004,1
31/03/2020,165.479996,166.800003,Up,1.320007,0
01/04/2020,161.619995,159.600006,Down,-2.019989,0
02/04/2020,159.100006,158.190002,Down,-0.910004,0
03/04/2020,157.149994,154.179993,Down,-2.970001,1
06/04/2020,160.149994,165.550003,Up,5.400009,0
07/04/2020,171.789993,168.830002,Down,-2.959991,1
08/04/2020,171.25,174.279999,Up,3.029999,0
09/04/2020,175.899994,175.190002,Down,-0.709992,1
13/04/2020,173.669998,174.789993,Up,1.119995,0
14/04/2020,178.979996,178.169998,Down,-0.809998,1
15/04/2020,175.190002,176.970001,Up,1.779999,0
16/04/2020,177.949997,176.25,Down,-1.699997,1
17/04/2020,179.199997,179.240005,Up,0.040008,1
20/04/2020,177.410004,178.240005,Up,0.830001,0
21/04/2020,175.25,170.800003,Down,-4.449997,1
22/04/2020,178.449997,182.279999,Up,3.830002,1
23/04/2020,184.080002,185.130005,Up,1.050003,1
24/04/2020,183.229996,190.070007,Up,6.840011,0
27/04/2020,192.660004,187.5,Down,-5.160004,0
28/04/2020,188.660004,182.910004,Down,-5.75,1
29/04/2020,190.929993,194.190002,Up,3.260009,0
30/04/2020,206.919998,204.710007,Down,-2.209991,1
01/05/2020,201.600006,202.270004,Up,0.669998,1
04/05/2020,200.199997,205.259995,Up,5.059998,1
05/05/2020,207.020004,207.070007,Up,0.050003,1
06/05/2020,208.119995,208.470001,Up,0.350006,1
07/05/2020,211.160004,211.259995,Up,0.099991,1
08/05/2020,212.240005,212.350006,Up,0.110001,1
11/05/2020,210.889999,213.179993,Up,2.289994,0
12/05/2020,213.289993,210.100006,Down,-3.189987,0
13/05/2020,209.429993,205.100006,Down,-4.329987,1
14/05/2020,202.559998,206.809998,Up,4.25,1
15/05/2020,205.270004,210.880005,Up,5.610001,1
18/05/2020,212.149994,213.190002,Up,1.040008,1
19/05/2020,213.270004,216.880005,Up,3.610001,1
20/05/2020,223.5,229.970001,Up,6.470001,0
21/05/2020,234.720001,231.389999,Down,-3.330002,1
22/05/2020,231.509995,234.910004,Up,3.400009,0
26/05/2020,239.770004,232.199997,Down,-7.570007,1
27/05/2020,229.070007,229.139999,Up,0.069992,1
28/05/2020,224.300003,225.460007,Up,1.160004,0
29/05/2020,225.199997,225.089996,Down,-0.110001,1
01/06/2020,224.589996,231.910004,Up,7.320008,1
02/06/2020,230.940002,232.720001,Up,1.779999,0
03/06/2020,232.110001,230.160004,Down,-1.949997,0
04/06/2020,229.559998,226.289993,Down,-3.270005,1
05/06/2020,226.710007,230.770004,Up,4.059997,1
08/06/2020,229.029999,231.399994,Up,2.369995,1
09/06/2020,231.520004,238.669998,Up,7.149994,0
10/06/2020,240.960007,236.729996,Down,-4.230011,0
11/06/2020,229.940002,224.429993,Down,-5.510009,0
12/06/2020,229.899994,228.580002,Down,-1.319992,1
15/06/2020,225.089996,232.5,Up,7.410004,0
16/06/2020,237.139999,235.649994,Down,-1.490005,1
17/06/2020,235,235.529999,Up,0.529999,1
18/06/2020,234.990005,235.940002,Up,0.949997,1
19/06/2020,237.789993,238.789993,Up,1,1
22/06/2020,238.559998,239.220001,Up,0.660003,1
23/06/2020,241.279999,242.240005,Up,0.960006,0
24/06/2020,241.199997,234.020004,Down,-7.179993,1
25/06/2020,234.619995,235.679993,Up,1.059998,0
26/06/2020,232.639999,216.080002,Down,-16.559997,1
29/06/2020,209.75,220.639999,Up,10.889999,1
30/06/2020,220.589996,227.070007,Up,6.480011,1
01/07/2020,228.5,237.550003,Up,9.050003,0
02/07/2020,239,233.419998,Down,-5.580002,1
06/07/2020,233.759995,240.279999,Up,6.520004,1
07/07/2020,239.410004,240.860001,Up,1.449997,1
08/07/2020,238.110001,243.580002,Up,5.470001,0
09/07/2020,245,244.5,Down,-0.5,1
10/07/2020,243.690002,245.070007,Up,1.380005,0
13/07/2020,247.009995,239,Down,-8.009995,1
14/07/2020,236.759995,239.729996,Up,2.970001,0
15/07/2020,241.550003,240.279999,Down,-1.270004,1
16/07/2020,238,240.929993,Up,2.929993,1
17/07/2020,241,242.029999,Up,1.029999,1
20/07/2020,240.059998,245.419998,Up,5.36,0
21/07/2020,246.220001,241.75,Down,-4.470001,0
22/07/2020,240.259995,239.869995,Down,-0.39,0
23/07/2020,239.630005,232.600006,Down,-7.029999,1
24/07/2020,230.190002,230.710007,Up,0.520005,1
27/07/2020,231.460007,233.5,Up,2.039993,0
28/07/2020,234.630005,230.119995,Down,-4.51001,1
29/07/2020,231.139999,233.289993,Up,2.149994,1
30/07/2020,230.220001,234.5,Up,4.279999,0
31/07/2020,255.820007,253.669998,Down,-2.150009,0
03/08/2020,252.649994,251.960007,Down,-0.689987,0
04/08/2020,251.559998,249.830002,Down,-1.729996,0
05/08/2020,250.190002,249.119995,Down,-1.070007,1
06/08/2020,249.039993,265.279999,Up,16.240006,1
07/08/2020,264.079987,268.440002,Up,4.360015,0
10/08/2020,268.040009,263,Down,-5.040009,0
11/08/2020,260.190002,256.130005,Down,-4.059997,1
12/08/2020,258.970001,259.890015,Up,0.920014,0
13/08/2020,261.549988,261.299988,Down,-0.25,0
14/08/2020,262.309998,261.23999,Down,-1.070008,0
17/08/2020,262.5,261.160004,Down,-1.339996,1
18/08/2020,260.950012,262.339996,Up,1.389984,1
19/08/2020,261.390015,262.589996,Up,1.199981,1
20/08/2020,261.5,269.01001,Up,7.51001,0
21/08/2020,268.690002,267.01001,Down,-1.679992,1
24/08/2020,271.070007,271.390015,Up,0.320008,1
25/08/2020,272.410004,280.820007,Up,8.410003,1
26/08/2020,284,303.910004,Up,19.910004,0
27/08/2020,300.160004,293.220001,Down,-6.940003,0
28/08/2020,295,293.660004,Down,-1.339996,0
31/08/2020,293.950012,293.200012,Down,-0.75,1
01/09/2020,294.709991,295.440002,Up,0.730011,1
02/09/2020,298.880005,302.5,Up,3.619995,0
03/09/2020,295.98999,291.119995,Down,-4.869995,0
04/09/2020,287.25,282.730011,Down,-4.519989,0
08/09/2020,271.279999,271.160004,Down,-0.119995,0
09/09/2020,275.769989,273.720001,Down,-2.049988,0
10/09/2020,275.51001,268.089996,Down,-7.420014,0
11/09/2020,270.059998,266.609985,Down,-3.450013,0
14/09/2020,270.950012,266.149994,Down,-4.800018,1
15/09/2020,270.670013,272.420013,Up,1.75,0
16/09/2020,267.290009,263.519989,Down,-3.77002,0
17/09/2020,258.279999,254.820007,Down,-3.459992,0
18/09/2020,258.399994,252.529999,Down,-5.869995,1
21/09/2020,247.539993,248.149994,Up,0.610001,1
22/09/2020,253.309998,254.75,Up,1.440002,0
23/09/2020,255.259995,249.020004,Down,-6.239991,1
24/09/2020,246.5,249.529999,Up,3.029999,1
25/09/2020,249.399994,254.820007,Up,5.420013,0
28/09/2020,259.399994,256.820007,Down,-2.579987,1
29/09/2020,257.809998,261.790009,Up,3.980011,0
30/09/2020,261.980011,261.899994,Down,-0.080017,1
01/10/2020,265.350006,266.630005,Up,1.279999,0
02/10/2020,261.209991,259.940002,Down,-1.269989,1
05/10/2020,262.200012,264.649994,Up,2.449982,0
06/10/2020,261.779999,258.660004,Down,-3.119995,0
07/10/2020,259.209991,258.119995,Down,-1.089996,1
08/10/2020,259.75,263.76001,Up,4.01001,0
09/10/2020,264.519989,264.450012,Down,-0.069977,1
12/10/2020,270.200012,275.75,Up,5.549988,0
13/10/2020,277.579987,276.140015,Down,-1.439972,0
14/10/2020,277.619995,271.820007,Down,-5.799988,0
15/10/2020,267.600006,266.720001,Down,-0.880005,0
16/10/2020,267.380005,265.929993,Down,-1.450012,0
19/10/2020,265.529999,261.399994,Down,-4.130005,1
20/10/2020,263.059998,267.559998,Up,4.5,0
21/10/2020,279.559998,278.730011,Down,-0.829987,0
22/10/2020,279.869995,278.119995,Down,-1.75,1
23/10/2020,278.799988,284.790009,Up,5.990021,0
26/10/2020,283.160004,277.109985,Down,-6.050019,1
27/10/2020,278.76001,283.290009,Up,4.529999,0
28/10/2020,278.790009,267.670013,Down,-11.119996,1
29/10/2020,276.549988,280.829987,Up,4.279999,0
30/10/2020,274.5,263.109985,Down,-11.390015,0
02/11/2020,264.600006,261.359985,Down,-3.240021,1
03/11/2020,263.160004,265.299988,Up,2.139984,1
04/11/2020,281,287.380005,Up,6.380005,1
05/11/2020,291.899994,294.679993,Up,2.779999,0
06/11/2020,293.950012,293.410004,Down,-0.540008,0
09/11/2020,289.869995,278.769989,Down,-11.100006,0
10/11/2020,273.100006,272.429993,Down,-0.670013,1
11/11/2020,273.470001,276.480011,Up,3.01001,0
12/11/2020,277.179993,275.079987,Down,-2.100006,0
13/11/2020,277.720001,276.950012,Down,-0.769989,1
16/11/2020,275.049988,278.959991,Up,3.910003,0
17/11/2020,277.679993,275,Down,-2.679993,0
18/11/2020,274.519989,271.970001,Down,-2.549988,1
19/11/2020,271.019989,272.940002,Up,1.920013,0
20/11/2020,272.559998,269.700012,Down,-2.859986,0
23/11/2020,270.890015,268.429993,Down,-2.460022,1
24/11/2020,268.48999,276.920013,Up,8.430023,0
25/11/2020,278.140015,275.589996,Down,-2.550019,1
27/11/2020,277.390015,277.809998,Up,0.419983,1
30/11/2020,276.029999,276.970001,Up,0.940002,1
01/12/2020,279.160004,286.549988,Up,7.389984,1
02/12/2020,285.359985,287.519989,Up,2.160004,0
03/12/2020,286.25,281.850006,Down,-4.399994,0
04/12/2020,280.299988,279.700012,Down,-0.599976,1
07/12/2020,279.190002,285.579987,Up,6.389985,0
08/12/2020,286.01001,283.399994,Down,-2.610016,0
09/12/2020,283.660004,277.920013,Down,-5.739991,1
10/12/2020,275.540009,277.119995,Up,1.579986,0
11/12/2020,274.529999,273.549988,Down,-0.980011,1
14/12/2020,273.369995,274.190002,Up,0.820007,1
15/12/2020,274.829987,275.549988,Up,0.720001,1
16/12/2020,274.76001,275.670013,Up,0.910003,0
17/12/2020,277.070007,274.480011,Down,-2.589996,1
18/12/2020,275.769989,276.399994,Up,0.630005,0
21/12/2020,272.980011,272.790009,Down,-0.190002,0
22/12/2020,271.5,267.089996,Down,-4.410004,1
23/12/2020,266.890015,268.109985,Up,1.21997,0
24/12/2020,268.880005,267.399994,Down,-1.480011,1
28/12/2020,268.73999,277,Up,8.26001,0
29/12/2020,276.950012,276.779999,Down,-0.170013,0
30/12/2020,277.950012,271.869995,Down,-6.080017,1
31/12/2020,272,273.160004,Up,1.160004,0
04/01/2021,274.779999,268.940002,Down,-5.839997,1
05/01/2021,268.290009,270.970001,Up,2.679992,1
06/01/2021,262,263.309998,Up,1.309998,1
07/01/2021,265.899994,268.73999,Up,2.839996,0
08/01/2021,268.309998,267.570007,Down,-0.739991,0
11/01/2021,260.480011,256.839996,Down,-3.640015,0
12/01/2021,256.630005,251.089996,Down,-5.540009,1
13/01/2021,251.550003,251.639999,Up,0.089996,0
14/01/2021,253.399994,245.639999,Down,-7.759995,1
15/01/2021,247.899994,251.360001,Up,3.460007,1
19/01/2021,256.899994,261.100006,Up,4.200012,0
20/01/2021,268.929993,267.480011,Down,-1.449982,1
21/01/2021,269.26001,272.869995,Up,3.609985,1
22/01/2021,272.01001,274.5,Up,2.48999,0
25/01/2021,278.140015,278.01001,Down,-0.130005,1
26/01/2021,278.140015,282.049988,Up,3.909973,0
27/01/2021,282.529999,272.140015,Down,-10.389984,0
28/01/2021,277.179993,265,Down,-12.179993,0
29/01/2021,265.299988,258.329987,Down,-6.970001,1
01/02/2021,259.519989,262.01001,Up,2.490021,1
02/02/2021,264,267.079987,Up,3.079987,1
03/02/2021,265.619995,266.649994,Up,1.029999,0
04/02/2021,267.01001,266.48999,Down,-0.52002,1
05/02/2021,266.799988,268.100006,Up,1.300018,0
08/02/2021,268.75,266.579987,Down,-2.170013,1
09/02/2021,266.440002,269.450012,Up,3.01001,0
10/02/2021,272.450012,271.869995,Down,-0.580017,0
11/02/2021,271.890015,270.390015,Down,-1.5,0
12/02/2021,270.519989,270.5,Down,-0.019989,1
16/02/2021,270.799988,273.970001,Up,3.170013,1
17/02/2021,271.23999,273.570007,Up,2.330017,0
18/02/2021,269.570007,269.390015,Down,-0.179992,0
19/02/2021,269.859985,261.559998,Down,-8.299987,1
22/02/2021,257.950012,260.329987,Up,2.379975,1
23/02/2021,259.5,265.859985,Up,6.359985,1
24/02/2021,262.329987,264.309998,Up,1.980011,0
25/02/2021,262.299988,254.690002,Down,-7.609986,1
26/02/2021,256.470001,257.619995,Up,1.149994,1
01/03/2021,260.820007,264.910004,Up,4.089997,0
02/03/2021,265.779999,259,Down,-6.779999,0
03/03/2021,260.290009,255.410004,Down,-4.880005,1
04/03/2021,256.470001,257.640015,Up,1.170014,1
05/03/2021,260.670013,264.279999,Up,3.609986,0
08/03/2021,265.549988,255.309998,Down,-10.23999,1
09/03/2021,261.179993,265.73999,Up,4.559997,0
10/03/2021,268.640015,264.899994,Down,-3.740021,1
11/03/2021,268.109985,273.880005,Up,5.77002,0
12/03/2021,269.140015,268.399994,Down,-0.740021,1
15/03/2021,269.079987,273.75,Up,4.670013,1
16/03/2021,276.079987,279.279999,Up,3.200012,1
17/03/2021,275.709991,284.01001,Up,8.300019,0
18/03/2021,279.869995,278.619995,Down,-1.25,1
19/03/2021,281.220001,290.109985,Up,8.889984,1
22/03/2021,290.450012,293.540009,Up,3.089997,0
23/03/2021,293.149994,290.630005,Down,-2.519989,0
24/03/2021,291,282.140015,Down,-8.859985,0
25/03/2021,280.980011,278.73999,Down,-2.240021,1
26/03/2021,278.299988,283.019989,Up,4.720001,1
29/03/2021,285.769989,290.820007,Up,5.050018,0
30/03/2021,289.829987,288,Down,-1.829987,1
31/03/2021,289.98999,294.529999,Up,4.540009,1
01/04/2021,298.399994,298.660004,Up,0.26001,1
05/04/2021,300.890015,308.910004,Up,8.019989,0
06/04/2021,308.839996,306.26001,Down,-2.579986,1
07/04/2021,306.339996,313.089996,Up,6.75,0
08/04/2021,314.850006,313.019989,Down,-1.830017,1
09/04/2021,311.399994,312.459991,Up,1.059997,1
12/04/2021,311.049988,311.540009,Up,0.490021,0
13/04/2021,312.209991,309.76001,Down,-2.449981,0
14/04/2021,307.299988,302.820007,Down,-4.479981,1
15/04/2021,306.339996,307.820007,Up,1.480011,0
16/04/2021,308.170013,306.179993,Down,-1.99002,0
19/04/2021,305.01001,302.23999,Down,-2.77002,1
20/04/2021,301.98999,302.649994,Up,0.660004,0
21/04/2021,301.950012,301.470001,Down,-0.480011,0
22/04/2021,301.329987,296.519989,Down,-4.809998,1
23/04/2021,298.76001,301.130005,Up,2.369995,0
26/04/2021,303.339996,303.040009,Down,-0.299987,0
27/04/2021,304.279999,303.570007,Down,-0.709992,0
28/04/2021,307.359985,307.100006,Down,-0.259979,0
29/04/2021,330.119995,329.51001,Down,-0.609985,0
30/04/2021,326.140015,325.079987,Down,-1.060028,0
03/05/2021,326.170013,322.579987,Down,-3.590026,0
04/05/2021,320.019989,318.359985,Down,-1.660004,0
05/05/2021,318.190002,315.019989,Down,-3.170013,1
06/05/2021,314.519989,320.019989,Up,5.5,0
07/05/2021,322.380005,319.079987,Down,-3.300018,0
10/05/2021,314.350006,305.970001,Down,-8.380005,1
11/05/2021,300.75,306.529999,Up,5.779999,1
12/05/2021,301.130005,302.549988,Up,1.419983,0
13/05/2021,306.079987,305.26001,Down,-0.819977,1
14/05/2021,309.540009,315.940002,Up,6.399993,1
17/05/2021,313.549988,315.459991,Up,1.910003,0
18/05/2021,315.589996,309.959991,Down,-5.630005,1
19/05/2021,304.190002,313.589996,Up,9.399994,1
20/05/2021,313.579987,318.609985,Up,5.029998,0
21/05/2021,319.290009,316.230011,Down,-3.059998,1
24/05/2021,318.209991,324.630005,Up,6.420014,1
25/05/2021,327.079987,327.790009,Up,0.710022,0
26/05/2021,328.350006,327.660004,Down,-0.690002,1
27/05/2021,328,332.75,Up,4.75,0
28/05/2021,331,328.730011,Down,-2.269989,0
01/06/2021,330.149994,329.130005,Down,-1.019989,0
02/06/2021,330.380005,329.149994,Down,-1.230011,1
03/06/2021,325.779999,326.040009,Up,0.26001,1
04/06/2021,325.899994,330.350006,Up,4.450012,1
07/06/2021,329.480011,336.579987,Up,7.099976,0
08/06/2021,336.700012,333.679993,Down,-3.020019,0
09/06/2021,335.73999,330.25,Down,-5.48999,1
10/06/2021,330.790009,332.459991,Up,1.669982,0
11/06/2021,332.579987,331.26001,Down,-1.319977,1
14/06/2021,331.899994,336.769989,Up,4.869995,0
15/06/2021,336.98999,336.75,Down,-0.23999,0
16/06/2021,336.700012,331.079987,Down,-5.620025,1
17/06/2021,330.48999,336.51001,Up,6.02002,0
18/06/2021,334.529999,329.660004,Down,-4.869995,1
21/06/2021,331.089996,332.290009,Up,1.200013,1
22/06/2021,332.690002,339.029999,Up,6.339997,1
23/06/2021,339.350006,340.589996,Up,1.23999,1
24/06/2021,341.850006,343.179993,Up,1.329987,0
25/06/2021,342.589996,341.369995,Down,-1.220001,1
28/06/2021,342.459991,355.640015,Up,13.180024,0
29/06/2021,356.269989,351.890015,Down,-4.379974,0
30/06/2021,352.170013,347.709991,Down,-4.460022,1
01/07/2021,346.820007,354.390015,Up,7.570008,0
02/07/2021,355.100006,354.700012,Down,-0.399994,0
06/07/2021,356.5,352.779999,Down,-3.720001,0
07/07/2021,355.26001,350.48999,Down,-4.77002,0
08/07/2021,345.730011,345.649994,Down,-0.080017,1
09/07/2021,345.320007,350.420013,Up,5.100006,1
12/07/2021,351.230011,353.160004,Up,1.929993,1
13/07/2021,351.5,352.089996,Up,0.589996,0
14/07/2021,354.559998,347.630005,Down,-6.929993,0
15/07/2021,349.230011,344.459991,Down,-4.77002,0
16/07/2021,344.910004,341.160004,Down,-3.75,0
19/07/2021,337.570007,336.950012,Down,-0.619995,1
20/07/2021,338.799988,341.660004,Up,2.860016,1
21/07/2021,341.5,346.230011,Up,4.730011,1
22/07/2021,346.679993,351.190002,Up,4.510009,1
23/07/2021,360.910004,369.790009,Up,8.880005,1
26/07/2021,369.579987,372.459991,Up,2.880004,0
27/07/2021,371.910004,367.809998,Down,-4.100006,0
28/07/2021,374.559998,373.279999,Down,-1.279999,0
29/07/2021,361,358.320007,Down,-2.679993,1
30/07/2021,354,356.299988,Up,2.299988,0
02/08/2021,358.100006,351.950012,Down,-6.149994,0
03/08/2021,352.730011,351.23999,Down,-1.490021,1
04/08/2021,352.420013,358.920013,Up,6.5,1
05/08/2021,359.640015,362.970001,Up,3.329986,1
06/08/2021,361.399994,363.51001,Up,2.110016,0
09/08/2021,363.76001,361.609985,Down,-2.150025,0
10/08/2021,361.829987,361.130005,Down,-0.699982,0
11/08/2021,362.100006,359.959991,Down,-2.140015,1
12/08/2021,358.450012,362.649994,Up,4.199982,1
13/08/2021,362.970001,363.179993,Up,0.209992,1
16/08/2021,362.519989,366.559998,Up,4.040009,0
17/08/2021,362.980011,358.450012,Down,-4.529999,0
18/08/2021,356.25,355.450012,Down,-0.799988,1
19/08/2021,351.350006,355.119995,Up,3.769989,1
20/08/2021,354.600006,359.369995,Up,4.769989,1
23/08/2021,359.440002,363.350006,Up,3.910004,1
24/08/2021,363.660004,365.51001,Up,1.850006,1
25/08/2021,365.600006,368.390015,Up,2.790009,0
26/08/2021,368.380005,364.380005,Down,-4,1
27/08/2021,365.100006,372.630005,Up,7.529999,1
30/08/2021,372.559998,380.660004,Up,8.100006,0
31/08/2021,379.950012,379.380005,Down,-0.570007,1
01/09/2021,379.589996,382.049988,Up,2.459992,0
02/09/2021,381.5,375.279999,Down,-6.220001,1
03/09/2021,374.75,376.26001,Up,1.51001,1
07/09/2021,375.880005,382.179993,Up,6.299988,0
08/09/2021,380.160004,377.570007,Down,-2.589997,1
09/09/2021,377.640015,378,Up,0.359985,0
10/09/2021,381.359985,378.690002,Down,-2.669983,0
13/09/2021,381.679993,376.51001,Down,-5.169983,0
14/09/2021,377.399994,376.529999,Down,-0.869995,0
15/09/2021,377,373.920013,Down,-3.079987,1
16/09/2021,372.790009,373.059998,Up,0.269989,0
17/09/2021,371.410004,364.720001,Down,-6.690003,0
20/09/2021,359.299988,355.700012,Down,-3.599976,0
21/09/2021,358.5,357.480011,Down,-1.019989,0
22/09/2021,347.230011,343.209991,Down,-4.02002,1
23/09/2021,345.359985,345.959991,Up,0.600006,1
24/09/2021,343.23999,352.959991,Up,9.720001,1
27/09/2021,349.809998,353.579987,Up,3.769989,0
28/09/2021,347.970001,340.649994,Down,-7.320007,0
29/09/2021,343.149994,339.609985,Down,-3.540009,0
30/09/2021,340.450012,339.390015,Down,-1.059997,1
01/10/2021,341.609985,343.01001,Up,1.400025,0
04/10/2021,335.529999,326.230011,Down,-9.299988,1
05/10/2021,328.579987,332.959991,Up,4.380004,1
06/10/2021,329.73999,333.640015,Up,3.900025,0
07/10/2021,337,329.220001,Down,-7.779999,0
08/10/2021,331.51001,330.049988,Down,-1.460022,0
11/10/2021,327.630005,325.450012,Down,-2.179993,1
12/10/2021,323.029999,323.769989,Up,0.73999,0
13/10/2021,326.970001,324.540009,Down,-2.429992,1
14/10/2021,328.359985,328.529999,Up,0.170014,0
15/10/2021,328.679993,324.76001,Down,-3.919983,1
18/10/2021,328.950012,335.339996,Up,6.389984,1
19/10/2021,339.649994,339.98999,Up,0.339996,0
20/10/2021,343.450012,340.779999,Down,-2.670013,1
21/10/2021,340.279999,341.880005,Up,1.600006,0
22/10/2021,326.350006,324.609985,Down,-1.740021,1
25/10/2021,320.299988,328.690002,Up,8.390014,0
26/10/2021,328.26001,315.809998,Down,-12.450012,0
27/10/2021,314.190002,312.220001,Down,-1.970001,1
28/10/2021,312.98999,316.920013,Up,3.930023,1
29/10/2021,320.190002,323.570007,Up,3.380005,1
01/11/2021,326.040009,329.980011,Up,3.940002,0
02/11/2021,331.380005,328.079987,Down,-3.300018,1
03/11/2021,327.48999,331.619995,Up,4.130005,1
04/11/2021,334.01001,335.850006,Up,1.839996,1
05/11/2021,340.309998,341.130005,Up,0.820007,0
08/11/2021,344.420013,338.619995,Down,-5.800018,0
09/11/2021,340,335.369995,Down,-4.630005,0
10/11/2021,332.48999,327.640015,Down,-4.849975,0
11/11/2021,329.820007,327.73999,Down,-2.080017,1
12/11/2021,330.179993,340.890015,Up,10.710022,1
15/11/2021,344.339996,347.559998,Up,3.220002,0
16/11/2021,343.829987,342.959991,Down,-0.869996,0
17/11/2021,344.23999,340.769989,Down,-3.470001,0
18/11/2021,339.720001,338.690002,Down,-1.029999,1
19/11/2021,342.200012,345.299988,Up,3.099976,0
22/11/2021,349.049988,341.01001,Down,-8.039978,0
23/11/2021,338.929993,337.25,Down,-1.679993,1
24/11/2021,336,341.059998,Up,5.059998,0
26/11/2021,335.799988,333.119995,Down,-2.679993,1
29/11/2021,336.890015,338.029999,Up,1.139984,0
30/11/2021,335,324.459991,Down,-10.540009,0
01/12/2021,330.290009,310.600006,Down,-19.690003,0
02/12/2021,311.399994,310.390015,Down,-1.009979,0
03/12/2021,313.730011,306.839996,Down,-6.890015,1
06/12/2021,308.130005,317.869995,Up,9.73999,1
07/12/2021,321.570007,322.809998,Up,1.239991,1
08/12/2021,325,330.559998,Up,5.559998,1
09/12/2021,329.540009,329.820007,Up,0.279998,0
10/12/2021,332.559998,329.75,Down,-2.809998,1
13/12/2021,330.950012,334.48999,Up,3.539978,1
14/12/2021,328.049988,333.73999,Up,5.690002,1
15/12/2021,332.48999,341.660004,Up,9.170014,0
16/12/2021,338.980011,334.899994,Down,-4.080017,1
17/12/2021,332.799988,333.790009,Up,0.990021,0
20/12/2021,329.779999,325.450012,Down,-4.329987,1
21/12/2021,326.410004,334.200012,Up,7.790008,0
22/12/2021,333.799988,330.450012,Down,-3.349976,1
23/12/2021,330.100006,335.23999,Up,5.139984,1
27/12/2021,338.850006,346.179993,Up,7.329987,0
28/12/2021,346.630005,346.220001,Down,-0.410004,0
29/12/2021,346.910004,342.940002,Down,-3.970002,1
30/12/2021,344,344.359985,Up,0.359985,0
31/12/2021,343.019989,336.350006,Down,-6.669983,1
03/01/2022,338.299988,338.540009,Up,0.240021,0
04/01/2022,339.950012,336.529999,Down,-3.420013,0
05/01/2022,333.019989,324.170013,Down,-8.849976,1
06/01/2022,322.820007,332.459991,Up,9.639984,0
07/01/2022,332.73999,331.790009,Down,-0.949981,1
10/01/2022,325.309998,328.070007,Up,2.760009,1
11/01/2022,326.779999,334.369995,Up,7.589996,0
12/01/2022,335.179993,333.26001,Down,-1.919983,0
13/01/2022,334.980011,326.480011,Down,-8.5,1
14/01/2022,321.790009,331.899994,Up,10.109985,0
18/01/2022,323.290009,318.149994,Down,-5.140015,1
19/01/2022,319.579987,319.589996,Up,0.010009,0
20/01/2022,323.899994,316.559998,Down,-7.339996,0
21/01/2022,314.809998,303.170013,Down,-11.639985,1
24/01/2022,297.839996,308.709991,Up,10.869995,1
25/01/2022,299.950012,300.149994,Up,0.199982,0
26/01/2022,307.01001,294.630005,Down,-12.380005,0
27/01/2022,297.75,294.640015,Down,-3.109985,1
28/01/2022,295.619995,301.709991,Up,6.089996,1
31/01/2022,300.679993,313.26001,Up,12.580017,1
01/02/2022,314.559998,319,Up,4.440002,0
02/02/2022,327.820007,323,Down,-4.820007,0
03/02/2022,244.649994,237.759995,Down,-6.889999,1
04/02/2022,234.970001,237.089996,Up,2.119995,0
07/02/2022,237.699997,224.910004,Down,-12.789993,0
08/02/2022,220.850006,220.179993,Down,-0.670013,1
09/02/2022,224.199997,232,Up,7.800003,0
10/02/2022,228.270004,228.070007,Down,-0.199997,0
11/02/2022,228.460007,219.550003,Down,-8.910004,0
14/02/2022,219.309998,217.699997,Down,-1.610001,1
15/02/2022,220.470001,221,Up,0.529999,1
16/02/2022,212.410004,216.539993,Up,4.129989,0
17/02/2022,214.020004,207.710007,Down,-6.309997,0
18/02/2022,209.389999,206.160004,Down,-3.229995,0
22/02/2022,202.339996,202.080002,Down,-0.259994,0
23/02/2022,204.160004,198.449997,Down,-5.710007,1
24/02/2022,191.059998,207.600006,Up,16.540008,1
25/02/2022,204.940002,210.479996,Up,5.539994,1
28/02/2022,207.679993,211.029999,Up,3.350006,0
01/03/2022,209.869995,203.490005,Down,-6.37999,1
02/03/2022,204.779999,208.110001,Up,3.330002,0
03/03/2022,209.020004,202.970001,Down,-6.050003,0
04/03/2022,202.369995,200.059998,Down,-2.309997,0
07/03/2022,200.789993,187.470001,Down,-13.319992,1
08/03/2022,187.850006,190.289993,Up,2.439987,1
09/03/2022,195.740005,198.5,Up,2.759995,1
10/03/2022,194.839996,195.210007,Up,0.370011,0
11/03/2022,192.639999,187.610001,Down,-5.029998,0
14/03/2022,187.029999,186.630005,Down,-0.399994,1
15/03/2022,190.800003,192.029999,Up,1.229996,1
16/03/2022,194.699997,203.630005,Up,8.930008,1
17/03/2022,201.699997,207.839996,Up,6.139999,1
18/03/2022,206.699997,216.490005,Up,9.790008,0
21/03/2022,214.5,211.490005,Down,-3.009995,1
22/03/2022,211.369995,216.649994,Up,5.279999,1
23/03/2022,213.330002,213.460007,Up,0.130005,1
24/03/2022,215,219.570007,Up,4.570007,1
25/03/2022,220.509995,221.820007,Up,1.310012,1
28/03/2022,222.130005,223.589996,Up,1.459991,1
29/03/2022,226.070007,229.860001,Up,3.789994,0
30/03/2022,228.910004,227.850006,Down,-1.059998,0
31/03/2022,228.449997,222.360001,Down,-6.089996,1
01/04/2022,224.550003,224.850006,Up,0.300003,1
04/04/2022,225.979996,233.889999,Up,7.910003,0
05/04/2022,234.080002,231.839996,Down,-2.240006,0
06/04/2022,226.910004,223.300003,Down,-3.610001,0
07/04/2022,223.929993,222.949997,Down,-0.979996,0
08/04/2022,222.380005,222.330002,Down,-0.050003,0
11/04/2022,218.419998,216.460007,Down,-1.959991,0
12/04/2022,220.240005,214.139999,Down,-6.100006,1
13/04/2022,211.820007,214.990005,Up,3.169998,0
14/04/2022,214.889999,210.179993,Down,-4.710006,1
18/04/2022,210,210.770004,Up,0.770004,1
19/04/2022,210.520004,217.309998,Up,6.789994,0
20/04/2022,213.610001,200.419998,Down,-13.190003,0
21/04/2022,201.600006,188.070007,Down,-13.529999,0
22/04/2022,190.369995,184.110001,Down,-6.259994,1
25/04/2022,182.729996,186.990005,Up,4.260009,0
26/04/2022,186.630005,180.949997,Down,-5.680008,1
27/04/2022,174.429993,174.949997,Up,0.520004,0
