lane_id,pinsetter_drive_temp,pinsetter_chassis_vibration,days_since_service,cycles_since_service,failure_within_24h
7,76.4,1.49,24,18888,0
20,62.5,1.17,28,18060,0
15,59.6,0.3,19,10051,0
11,,1.51,52,30000,1
8,47.7,1.24,11,7502,0
21,67.2,0.74,25,11950,0
7,47.5,2.38,46,21666,0
19,,2.04,30,19860,1
23,67.9,3.45,48,28320,0
11,70.5,2.17,18,13788,0
11,,0.99,41,30000,1
24,59.7,0.78,25,11550,0
21,,1.1,22,17138,0
4,62.5,0.97,9,3699,0
8,64.7,1.59,7,3780,0
24,,0.3,27,17631,0
3,65.7,2.02,30,13260,0
22,48.8,1.57,41,17056,0
21,71.9,1.93,28,12936,0
2,65.6,0.58,53,30000,0
24,73.1,1.7,23,17825,0
12,66.1,2.54,29,20039,0
6,,0.81,25,10175,1
2,,0.79,16,11584,0
21,53.0,2.07,45,22005,0
1,69.7,0.72,37,22459,0
12,56.8,1.31,54,30000,0
22,64.5,2.68,8,5464,0
12,55.3,0.8,46,23782,0
17,,2.74,11,8228,1
10,58.3,1.23,26,14924,0
16,77.6,0.6,37,17575,0
15,63.5,1.98,21,10500,0
15,51.8,1.59,28,15400,0
19,70.8,1.51,38,30000,0
12,73.6,0.89,32,21408,0
23,75.8,1.58,47,22090,0
20,42.0,0.3,45,26055,0
3,50.7,1.68,43,22489,0
5,81.4,2.54,26,20280,0
19,55.1,0.3,53,30000,0
7,70.8,1.17,21,14364,0
21,50.4,0.8,38,22572,0
9,78.2,0.3,10,7980,0
7,81.0,0.3,50,30000,0
18,,0.56,10,6740,0
4,82.5,1.31,38,19190,1
14,89.9,2.42,5,2100,0
18,51.6,0.3,14,6482,0
9,57.0,1.74,25,14100,0
21,80.6,1.68,9,3834,0
2,83.8,2.84,6,4260,0
20,,1.96,26,17784,0
15,57.6,2.0,52,28444,0
7,58.9,2.06,6,4080,0
12,45.5,0.76,14,10150,0
8,50.2,1.04,38,27284,0
15,50.5,2.39,20,11260,0
3,63.9,0.3,52,30000,0
14,71.8,0.95,43,26789,0
17,74.1,0.44,26,17446,0
4,60.9,1.69,16,8720,0
18,61.2,1.16,28,21140,0
8,69.7,2.0,51,21879,1
4,47.1,1.41,44,19536,0
2,81.4,0.3,42,28308,0
6,86.0,0.3,14,6062,0
22,59.2,1.5,39,21060,0
10,62.4,0.88,53,30000,0
4,85.4,1.07,36,27828,1
22,66.3,2.25,11,6820,0
18,76.2,2.11,25,18875,0
12,66.7,2.94,24,10104,0
2,89.8,1.25,30,17370,0
10,74.9,0.99,8,6128,0
4,75.7,1.83,50,30000,0
14,75.9,1.05,26,16380,0
16,60.2,1.08,19,8303,0
15,61.5,1.34,44,20636,0
8,78.8,2.82,25,12875,0
14,69.8,2.06,19,12122,0
23,51.5,2.15,26,19084,0
8,,2.79,32,17504,0
21,81.7,2.22,18,7344,0
16,,0.59,31,21297,0
13,64.2,2.21,45,30000,0
18,70.8,2.31,44,19756,0
15,75.2,2.02,32,23584,0
21,42.0,1.34,30,12120,0
24,,1.94,53,30000,0
13,56.9,1.48,6,3150,0
9,68.0,0.72,29,13746,0
15,68.5,0.92,7,3948,0
13,,2.06,12,8124,0
1,66.8,0.78,48,30000,0
7,90.2,0.85,37,25863,0
9,73.7,2.1,46,30000,0
24,54.5,1.61,39,18564,0
1,69.9,1.96,10,6970,0
12,66.3,0.52,43,23048,0
8,52.8,1.94,27,13635,0
24,73.0,0.97,29,14326,0
11,68.3,0.69,54,28836,0
19,75.8,1.1,47,21949,0
17,70.7,2.59,23,12558,0
8,58.9,1.21,9,5022,0
3,78.8,3.26,15,11745,1
3,59.3,0.3,16,8992,0
1,42.0,0.3,14,10360,0
5,69.8,2.56,12,7056,0
10,60.2,2.76,28,20664,0
7,73.3,0.81,32,15808,0
9,,1.56,45,26100,1
7,96.4,2.07,40,27480,1
9,65.7,1.32,41,29561,0
8,56.4,1.62,25,14650,0
12,76.2,1.51,12,9252,0
2,62.8,0.31,13,6981,0
1,73.5,1.22,51,26979,0
16,58.7,1.51,19,11267,0
23,71.5,1.58,52,30000,0
23,56.6,0.3,50,30000,0
24,,2.1,44,30000,0
5,59.7,1.6,22,11946,0
3,77.3,0.66,46,19090,0
12,50.3,2.94,24,16824,0
8,78.9,1.22,10,6440,0
22,54.5,1.27,16,8096,0
3,71.7,2.01,6,2922,0
1,82.3,3.01,11,5808,0
3,65.2,2.04,20,15880,0
5,53.6,2.16,7,5418,0
15,75.0,0.7,49,30000,1
14,56.2,1.57,7,2821,0
3,62.3,1.07,31,22506,0
1,71.7,2.06,54,30000,0
5,87.0,2.14,47,30000,0
23,68.4,2.81,44,30000,0
14,68.3,0.3,42,20748,0
7,78.3,1.0,37,22496,0
9,68.7,2.54,32,19968,0
15,76.9,0.38,5,3735,0
15,83.1,2.14,12,8640,0
10,63.4,2.41,41,18286,0
13,42.0,1.48,36,20880,0
19,56.5,0.36,52,26260,0
7,84.9,1.4,47,28106,1
17,67.5,2.67,41,30000,0
20,63.3,2.73,8,4040,0
4,,1.67,34,23086,0
5,66.6,0.72,10,6590,0
23,42.0,2.89,50,25350,1
7,46.9,2.16,23,9614,0
13,73.9,0.77,36,25020,0
15,67.1,1.77,13,9165,0
11,88.4,1.74,16,9120,0
4,57.7,0.99,15,10950,0
13,63.7,1.78,50,29700,1
7,55.6,2.38,20,8220,0
19,60.7,1.26,5,2970,0
22,42.0,2.47,49,30000,0
2,62.6,0.3,25,19200,0
10,67.3,3.27,34,19754,0
13,66.1,1.55,17,11968,0
21,,2.36,38,20634,1
6,,1.67,8,6280,0
12,57.5,0.84,32,22880,0
12,42.0,1.47,42,24402,0
20,66.6,0.3,35,15015,0
11,73.3,2.05,31,14973,0
23,56.0,1.66,9,5085,0
7,56.6,1.35,29,19807,0
1,90.2,2.1,7,4760,0
1,64.4,1.53,37,18315,1
20,77.3,1.99,8,6240,0
13,55.0,2.27,29,19285,0
9,67.2,1.06,24,16728,0
3,63.3,0.83,38,26410,1
7,58.5,0.3,30,18720,0
6,84.2,1.6,9,6588,0
8,48.6,1.86,39,29640,0
9,72.2,0.44,32,24736,0
5,63.0,2.64,33,14553,0
1,73.8,0.84,13,9126,0
19,,0.3,42,27090,0
10,80.1,2.7,54,30000,1
12,54.8,0.3,10,6360,0
24,,2.27,23,9683,0
15,67.6,2.08,48,28032,0
22,49.4,1.76,15,9615,0
24,77.5,1.08,6,4572,0
9,65.2,1.9,51,30000,0
20,44.1,2.34,48,21120,0
17,72.7,0.71,48,30000,0
17,82.1,2.28,13,7293,0
20,85.9,2.24,25,13975,0
12,62.7,1.73,28,13664,0
7,70.0,1.07,38,27398,0
2,68.7,2.25,26,10686,0
3,88.9,1.91,7,3304,0
17,56.7,0.69,16,7600,0
5,61.5,1.21,32,23840,1
17,56.3,2.16,34,20400,1
24,47.7,1.59,30,12270,1
17,71.5,2.37,52,30000,0
17,,1.23,25,15625,0
2,65.2,0.7,32,18400,0
2,55.7,3.25,30,20250,0
22,70.6,0.3,37,16206,0
23,76.2,1.1,25,11475,0
5,65.8,1.72,39,18135,0
1,,2.29,38,27360,0
1,56.6,2.02,45,23535,0
19,64.0,3.35,51,28713,0
2,72.1,1.41,22,17270,0
21,73.5,0.8,15,8370,0
12,68.7,1.32,27,12312,0
6,50.1,1.24,52,24804,0
23,100.7,1.45,26,15418,1
4,64.7,0.71,21,14364,0
23,69.5,2.13,9,3726,0
11,76.6,1.8,48,19728,0
24,59.1,0.49,15,7500,0
17,68.8,2.27,34,18870,1
6,58.5,0.85,19,14041,0
24,73.8,0.55,31,16244,0
5,64.1,1.57,39,29562,0
20,71.8,0.3,37,25123,0
2,53.3,1.97,24,19032,0
6,56.4,0.77,20,10180,0
22,48.9,0.68,38,27854,0
11,58.1,2.76,6,4536,0
16,42.0,0.95,39,21255,0
16,63.7,1.09,44,27060,0
1,60.5,2.52,32,25504,0
9,70.1,0.87,51,28611,0
6,68.6,2.11,43,22661,0
16,85.6,2.44,10,7130,0
3,104.3,1.88,13,9503,1
20,83.9,0.34,24,13176,0
4,61.7,1.02,5,2175,0
19,61.1,3.67,12,6864,0
3,80.2,1.11,27,11367,0
19,44.4,3.89,7,4235,0
20,63.6,2.87,8,4208,0
7,64.7,1.92,29,21315,0
20,76.2,1.74,51,30000,0
9,76.6,1.13,42,25872,0
1,57.6,1.43,19,9405,0
8,62.2,0.95,25,14075,0
7,74.2,1.45,39,21333,0
18,56.8,0.41,50,20850,0
8,84.9,0.37,18,12474,1
1,76.5,2.54,40,23760,0
11,70.4,0.3,16,8800,0
18,73.5,2.21,21,16044,0
23,61.5,0.3,43,22446,0
10,59.2,2.0,13,10387,1
3,62.1,1.33,39,22854,0
7,75.0,2.56,17,9316,0
16,70.8,1.23,19,9557,0
16,62.1,0.3,22,14124,0
20,78.5,1.35,37,23310,0
17,65.6,1.63,10,6050,0
2,58.3,1.39,31,18507,0
1,71.6,1.96,27,21465,0
16,53.8,1.05,31,24769,0
12,44.4,0.49,38,27968,0
5,67.9,0.7,50,24300,0
5,58.8,1.09,42,22722,0
23,64.4,1.08,18,12888,0
9,54.5,3.42,40,23920,0
9,84.9,2.5,12,5340,0
3,58.7,2.05,39,26793,1
19,62.0,1.86,23,9522,0
16,73.3,1.74,34,15062,0
16,48.7,1.74,18,10224,0
3,47.7,1.63,24,17016,0
20,73.3,1.53,53,23479,0
24,61.8,0.3,29,14413,0
22,55.4,1.2,44,29040,0
24,76.4,1.31,28,14224,0
1,56.6,0.9,18,12276,0
24,64.2,1.06,30,23130,0
20,55.5,1.74,42,30000,0
11,72.2,2.11,27,13581,0
17,86.6,1.74,26,17030,0
8,42.0,2.09,52,30000,0
4,69.6,2.11,23,13915,0
6,80.0,1.26,50,30000,0
8,62.1,1.92,7,3094,0
20,52.2,0.3,46,30000,0
3,73.9,1.19,23,14812,0
16,82.0,1.1,13,8918,0
3,80.5,2.73,32,24128,0
18,73.1,1.77,24,16128,0
14,69.4,0.43,49,23618,0
18,55.4,1.98,11,5599,0
2,80.1,2.23,18,10602,0
22,79.3,1.43,13,8931,1
3,52.1,2.05,23,18308,0
16,73.1,0.5,51,30000,0
9,77.1,0.66,18,10998,0
4,80.3,0.56,42,28980,0
1,67.0,1.62,40,21280,0
4,56.0,2.73,44,26400,0
1,61.0,0.6,21,14364,0
14,53.9,0.82,34,24650,0
21,67.3,1.57,13,6422,0
16,64.5,1.11,37,25049,0
20,98.0,1.06,29,20996,1
24,80.5,1.16,18,11124,0
8,81.6,2.55,15,7320,0
7,74.6,2.39,39,18369,1
3,62.9,1.52,45,29070,0
17,64.1,2.82,18,9504,0
1,65.4,1.91,34,20774,0
16,70.6,2.42,45,30000,0
12,73.4,0.81,8,3960,0
19,68.0,0.98,8,3792,0
22,63.9,0.97,32,14496,0
23,59.7,1.43,12,8916,0
22,48.5,1.55,6,2718,0
14,,1.76,45,27765,0
6,,3.08,50,20750,0
6,84.8,2.08,26,12948,0
13,50.4,1.09,45,18855,0
19,79.0,1.5,20,8900,0
22,82.3,2.7,33,19536,0
8,62.4,2.13,53,30000,1
2,74.8,2.69,52,23764,0
21,61.6,1.11,34,17340,0
1,,0.93,16,8448,0
15,73.1,0.94,39,28704,0
1,55.2,1.18,15,8895,0
5,77.4,0.65,50,30000,0
16,82.8,1.74,54,30000,0
19,70.8,1.75,25,10175,0
4,74.7,2.57,25,10700,0
3,67.0,0.3,9,4599,0
17,52.1,0.74,52,29120,0
17,65.9,2.14,24,12720,0
12,75.3,1.65,41,24067,0
14,66.2,1.54,7,3934,0
21,79.2,2.51,48,28608,0
6,62.5,0.69,37,28231,0
3,63.4,0.92,13,7839,0
9,79.6,0.82,13,7943,0
5,71.1,0.3,8,4064,0
24,62.2,1.61,39,26325,0
17,,1.08,21,9912,1
14,58.4,0.91,38,21508,0
21,57.8,0.77,28,18452,0
3,42.0,1.49,36,23112,0
1,60.2,0.86,5,3370,0
20,86.3,1.68,12,6012,0
21,42.0,1.87,49,28028,1
23,54.7,1.26,27,15390,0
1,74.1,1.21,51,27540,0
3,42.0,1.65,44,30000,0
18,60.9,1.48,16,9392,0
10,84.0,2.56,16,7760,0
22,,1.75,50,22550,1
3,,2.38,51,26010,0
8,55.0,1.99,19,14516,0
14,54.6,0.45,45,30000,0
24,70.0,1.05,23,10166,0
18,71.9,1.46,30,18300,0
15,,2.19,33,19767,1
22,81.6,3.04,26,18122,0
23,69.2,1.11,44,30000,1
2,63.3,1.54,25,15975,0
10,,2.14,42,21588,1
2,76.8,1.45,24,10200,0
17,58.6,2.82,33,23034,0
8,64.9,0.42,8,3808,0
1,55.7,2.04,11,5896,0
9,42.0,2.03,32,13408,0
11,72.4,2.42,32,19520,0
22,,1.55,8,5112,1
16,45.2,2.21,26,11388,0
7,68.8,1.3,16,10672,0
10,58.1,0.86,49,29694,0
23,75.3,0.74,7,4662,0
3,65.6,0.35,26,14378,0
18,49.0,1.15,48,21168,0
24,54.3,1.75,6,2460,0
13,56.4,1.33,28,19404,0
7,86.8,1.66,38,18886,0
4,,2.49,31,20894,0
13,63.6,1.09,45,30000,0
20,85.2,3.37,5,3855,0
1,65.6,2.1,12,7548,0
8,63.4,1.34,27,20736,0
14,68.8,1.32,42,25998,0
16,72.0,0.69,10,4640,0
14,60.2,1.48,26,19604,0
12,68.3,0.3,29,18299,0
19,79.0,2.5,22,15994,0
23,69.8,0.75,21,9471,0
15,68.6,1.53,16,12368,0
2,74.9,0.58,10,7750,0
2,77.3,0.94,30,19860,0
23,67.1,1.04,31,20646,0
22,61.4,3.04,12,9096,0
19,70.6,0.62,23,16468,0
22,45.7,2.23,46,30000,0
22,65.1,2.43,5,3975,0
17,42.0,0.37,33,18249,0
20,44.5,1.01,49,30000,0
10,42.4,2.69,53,30000,1
6,82.7,0.45,39,21021,0
15,68.2,2.46,44,19800,0
22,50.3,1.49,18,9288,0
11,74.9,1.45,39,17355,0
5,81.8,1.56,52,30000,0
1,75.1,1.77,49,23863,0
8,65.4,0.74,24,14568,0
21,71.3,1.29,53,30000,0
12,80.6,1.8,17,11356,0
12,61.4,1.64,42,20496,0
5,68.4,1.78,53,30000,0
7,64.4,0.93,50,25850,0
4,45.4,2.01,53,24009,0
6,80.8,1.6,12,6180,0
13,,0.3,47,24299,0
20,55.8,1.07,24,15816,0
15,81.5,0.78,37,17538,1
3,56.2,0.77,30,21120,0
23,69.9,1.12,43,17458,0
8,,1.99,25,19125,0
20,,1.0,53,27613,1
16,67.8,1.68,46,18860,0
13,42.8,1.55,47,30000,0
18,58.7,0.88,45,27630,0
10,42.0,1.22,13,8814,0
19,74.0,2.19,28,11956,0
17,79.6,1.62,41,25994,0
24,64.9,1.94,53,30000,0
19,72.0,2.52,45,30000,1
23,63.4,1.85,21,8925,0
5,78.4,0.3,28,12684,0
21,69.8,1.72,25,10700,0
23,42.0,1.01,43,30000,1
9,81.2,2.95,45,25335,1
12,62.5,1.82,43,28767,0
21,50.2,1.02,17,12461,0
1,61.9,1.95,15,6510,0
1,42.0,1.57,50,30000,0
15,50.5,0.3,23,17181,0
2,70.0,2.19,15,10080,0
22,71.2,1.18,17,10319,0
16,72.3,2.64,50,30000,0
8,68.0,1.4,49,24108,0
13,58.3,2.65,5,2860,0
21,67.2,1.84,44,21032,0
1,61.9,2.28,48,24432,0
16,45.2,1.11,23,14168,0
7,57.2,1.78,16,12112,0
5,80.5,0.3,12,6060,0
22,,1.4,12,5352,0
23,77.1,0.31,49,28420,1
3,89.6,0.59,16,7408,0
12,69.2,0.79,52,30000,0
16,,2.03,37,23791,0
19,96.8,1.38,49,30000,0
5,43.7,1.53,30,14580,0
22,71.1,1.36,43,26488,0
14,69.2,2.36,32,12992,0
5,62.1,1.5,9,6093,0
15,74.9,1.7,12,8832,0
17,68.6,1.04,29,17661,0
14,57.7,2.42,31,17608,0
20,67.6,2.48,50,30000,0
5,84.9,1.47,27,14499,0
12,70.6,1.03,34,26860,0
16,76.8,0.3,49,30000,0
16,64.1,0.81,51,30000,0
21,74.3,0.3,27,16983,0
7,51.1,0.77,53,30000,0
4,61.0,1.79,51,28560,0
1,66.6,1.46,24,9600,0
5,50.1,3.36,22,13970,0
23,56.4,1.2,22,12914,0
10,72.4,1.14,6,2418,0
22,69.8,2.35,8,4248,0
5,79.3,0.3,34,20978,1
4,59.6,0.31,37,24383,0
2,68.8,2.03,40,16000,0
20,58.6,1.34,22,10340,0
10,77.9,1.36,41,23657,0
19,84.7,0.75,23,13524,0
1,74.8,1.69,51,30000,0
24,82.9,0.85,32,13024,1
5,68.5,1.56,44,28688,0
13,79.3,0.57,24,16584,1
4,69.1,1.35,53,30000,0
16,53.7,3.12,37,19314,0
24,71.5,1.16,16,11168,0
16,54.1,1.39,19,12958,0
23,,1.34,45,19395,1
2,63.3,1.64,43,30000,0
17,77.0,1.87,6,4656,0
20,67.8,1.71,33,17985,0
24,50.7,1.72,45,24975,0
12,42.0,1.36,14,5810,0
18,78.5,1.58,6,4524,0
3,89.7,1.33,15,6690,0
1,57.7,0.3,17,11050,0
1,44.8,3.6,14,8204,0
19,63.4,2.08,18,7740,0
11,54.9,0.72,22,14498,0
5,58.9,1.68,13,5408,0
12,76.5,0.42,43,18834,0
3,67.3,1.1,32,22496,0
1,,0.31,7,3066,0
1,76.2,1.46,24,12744,0
8,77.3,0.3,10,4290,0
10,63.3,1.81,31,17267,0
11,69.9,2.05,6,4062,0
12,75.3,0.84,33,19866,0
13,74.0,1.63,42,19530,0
12,68.6,0.8,7,3549,0
14,88.1,1.91,20,13340,0
2,76.2,0.95,34,21114,0
19,61.7,2.13,44,30000,0
18,61.8,0.3,6,2502,0
3,60.2,0.7,21,10269,0
23,76.8,0.61,45,26100,0
17,59.3,1.66,16,10464,0
8,62.1,1.94,39,25428,0
10,82.8,1.72,47,30000,0
2,70.7,1.09,5,3910,0
19,84.8,0.74,49,30000,0
9,79.2,1.53,19,9234,0
7,51.5,2.13,30,14670,0
4,66.6,3.64,41,26076,1
21,81.9,1.16,25,19725,0
18,50.9,0.97,53,24857,1
13,73.9,1.76,35,15505,0
11,67.5,1.3,29,17371,0
24,43.4,2.52,27,14877,0
4,69.7,0.85,28,13580,0
21,56.3,1.3,42,17556,0
4,51.7,2.2,32,16000,0
10,68.1,1.75,25,12350,0
5,42.0,2.43,47,30000,0
9,58.6,1.15,22,16632,0
24,,2.51,40,17160,1
3,77.1,0.3,39,25272,0
17,55.7,0.3,49,21168,1
3,87.7,2.52,13,8164,0
16,54.1,1.51,42,17262,0
4,60.2,2.24,34,17578,0
18,51.9,1.58,48,30000,0
17,71.6,1.49,38,21052,0
7,,0.44,36,28512,0
24,54.0,1.48,7,4515,0
23,42.0,2.59,7,5117,0
5,83.3,1.55,32,20672,1
12,,2.05,48,20544,0
17,42.0,2.02,19,10640,0
23,74.4,0.69,45,28530,0
13,71.2,2.19,27,15903,0
23,57.0,1.25,44,22704,0
3,48.5,1.29,15,10050,0
9,81.9,3.18,52,30000,0
17,70.5,1.98,36,20844,1
17,71.6,0.99,40,30000,0
20,59.3,1.55,37,21127,0
16,56.8,1.53,28,18844,1
22,42.0,2.85,43,28294,0
13,64.8,1.53,38,20292,0
19,,3.27,32,18240,0
17,55.5,0.46,41,24969,1
4,46.7,1.47,11,6985,0
12,74.1,0.89,8,4680,0
9,76.7,1.1,41,30000,0
19,59.8,1.12,5,2470,0
12,63.1,0.93,5,3885,0
9,71.7,2.88,51,20910,0
7,65.8,2.64,24,11208,0
14,,1.82,23,17894,0
20,,1.12,33,20097,1
19,44.1,0.95,14,8330,0
15,,2.09,22,16896,0
16,69.5,1.74,32,15904,0
21,,1.38,39,19188,1
5,78.1,1.93,47,19787,0
3,68.9,2.21,51,29121,0
12,78.6,1.38,35,27370,0
20,62.5,0.87,31,16523,0
21,57.2,0.44,15,6360,0
4,79.4,1.7,53,30000,0
21,56.2,3.23,53,25652,0
23,77.0,0.61,42,19068,1
16,68.4,2.38,9,5850,0
7,42.0,0.96,12,6516,0
13,60.0,1.12,38,28500,0
21,72.7,2.23,52,30000,0
10,62.3,1.3,16,9056,0
7,42.0,1.7,42,26166,0
14,86.5,1.68,5,3095,0
5,70.4,0.96,35,20230,0
3,74.2,2.22,8,4144,0
23,61.4,1.45,53,30000,0
11,75.4,0.39,49,26901,0
11,,0.79,54,30000,0
18,57.7,0.99,9,5364,0
15,91.3,1.54,34,14994,0
12,73.6,2.54,28,12656,0
9,,0.66,7,5103,0
10,99.0,1.97,15,9750,0
12,73.5,1.84,49,30000,0
17,77.5,0.9,8,6216,0
6,64.2,2.73,30,20100,0
7,56.9,1.28,31,16182,0
14,70.3,3.11,50,30000,0
13,,0.3,47,30000,1
8,63.7,1.28,31,22878,0
10,67.6,1.38,46,30000,0
9,,1.47,54,30000,0
18,63.8,2.07,10,4280,0
2,75.1,4.22,19,8246,0
5,80.3,1.86,34,13770,0
5,65.2,1.52,46,30000,0
6,72.3,0.62,41,20910,0
19,77.3,0.3,41,28413,0
8,62.4,2.44,46,21896,0
16,,1.06,41,30000,0
13,60.3,3.58,39,21294,0
1,58.5,2.19,27,12582,0
22,46.6,1.77,10,7910,0
20,61.0,1.82,8,3256,0
17,56.6,1.82,22,11462,0
7,62.4,0.94,13,9607,0
13,76.6,0.3,53,30000,0
4,43.8,1.06,33,25971,0
4,42.0,1.49,17,9826,0
6,57.5,0.98,51,24684,0
19,74.5,0.47,21,9324,0
12,72.0,0.9,49,26215,0
22,,2.33,36,26712,0
7,84.4,2.1,52,21580,0
10,,1.64,26,19032,0
19,74.5,1.97,8,4752,0
7,62.9,0.59,9,3672,0
3,55.8,0.86,41,29315,0
13,59.5,1.75,45,30000,0
13,78.3,0.7,53,30000,0
18,73.1,1.59,17,12342,0
20,81.6,0.49,38,15732,1
8,73.1,0.3,49,30000,0
9,45.4,2.09,26,13026,0
7,,2.32,27,16875,0
1,73.3,1.0,7,4739,0
3,75.2,0.3,46,23552,0
13,,0.3,38,15200,0
17,83.6,2.97,36,23940,0
24,52.7,1.59,49,29743,0
1,76.5,1.01,53,26977,0
6,42.0,1.21,25,14975,0
21,77.5,0.3,50,30000,0
6,52.9,2.0,48,30000,0
12,,3.1,25,10275,1
13,87.0,0.87,48,30000,0
13,79.5,3.41,15,8805,0
15,85.1,1.41,43,23779,0
21,83.7,2.83,8,6136,0
16,60.7,1.75,5,3665,0
22,76.4,1.74,32,24832,0
21,43.9,2.98,28,18984,0
11,58.4,2.13,39,22230,0
5,87.5,1.8,17,9061,0
4,62.6,0.3,51,21624,0
3,42.0,0.3,38,15846,0
19,,1.87,15,8835,0
20,75.9,2.67,40,21600,0
18,78.7,1.6,21,9282,0
15,54.3,1.03,39,28587,0
9,72.0,0.3,22,15026,0
17,71.6,0.87,44,23980,0
14,56.5,1.6,26,18564,0
15,65.6,0.81,28,20104,0
1,47.0,0.73,23,11293,0
21,63.1,1.46,41,23698,0
22,81.6,2.66,43,19565,0
22,57.5,2.05,25,13850,0
3,,1.73,12,6708,1
16,47.9,1.65,32,16320,0
23,64.4,1.94,9,4824,0
11,58.8,1.41,21,13251,0
12,65.5,1.17,41,25379,0
10,87.2,2.09,40,18680,0
16,54.2,1.32,23,16123,0
8,61.7,0.55,31,20088,0
6,77.2,2.65,38,27436,0
12,69.3,0.3,15,11865,0
24,70.5,2.71,49,19845,1
21,54.5,1.91,51,30000,0
8,67.0,0.72,16,7888,0
4,,1.52,25,16700,0
8,45.5,1.16,15,8940,0
18,58.2,2.15,43,18232,0
5,42.6,2.13,32,17504,0
9,75.5,1.87,9,4653,0
4,85.2,2.1,21,15477,0
22,65.4,1.41,24,18384,0
17,53.9,2.91,45,30000,0
9,54.3,2.48,50,23250,0
1,63.8,1.12,16,11200,0
21,63.8,2.15,10,7690,0
20,80.8,2.08,21,12054,1
13,58.6,1.29,23,16514,0
16,74.1,1.23,30,14250,0
13,63.7,2.47,52,26676,0
14,57.6,1.49,48,24480,0
3,63.4,1.71,48,30000,0
6,72.7,2.62,36,21672,0
18,80.8,3.53,10,5460,1
19,64.5,1.08,40,17360,0
5,51.1,1.32,42,29736,0
15,82.0,1.56,15,6375,0
2,55.4,1.58,37,23569,0
10,71.7,1.8,28,11564,0
24,67.7,1.11,27,20871,0
18,65.8,0.49,19,8436,1
13,61.2,2.9,31,19065,0
5,76.7,1.99,15,9480,0
23,42.0,1.17,54,30000,0
24,83.9,1.85,21,9450,0
1,55.2,2.97,18,13932,0
22,73.7,0.87,31,19003,1
1,73.0,1.67,22,12100,0
18,,0.39,32,21568,1
15,70.8,1.41,51,30000,0
17,56.4,1.99,51,24225,0
11,45.5,0.61,8,4952,0
21,63.1,1.35,11,8217,0
22,42.0,2.14,49,28714,0
17,59.2,1.97,39,26832,0
13,63.9,0.57,52,22204,0
1,58.3,1.8,13,10114,0
2,68.6,1.95,12,6948,0
9,64.7,1.59,49,30000,0
3,63.4,2.37,21,11025,0
1,42.0,1.03,21,12096,0
21,49.9,1.83,53,23108,0
16,77.0,0.57,37,18426,0
23,79.3,0.3,36,17892,0
6,42.3,2.12,12,6312,0
17,56.6,1.52,23,13041,0
5,83.0,1.13,42,20118,0
5,57.9,0.65,7,4851,0
6,66.4,2.16,9,6588,0
3,88.2,0.3,17,8925,0
21,62.9,2.29,51,30000,0
23,60.9,1.86,50,30000,0
5,65.8,0.33,35,19215,0
21,,1.6,20,8300,1
5,74.2,3.62,54,23058,0
10,68.3,2.45,36,20592,0
10,60.7,0.84,26,11570,0
19,75.5,2.07,33,23991,0
17,77.2,0.37,26,16510,0
21,53.0,0.4,47,28811,0
14,77.6,1.45,7,3388,0
9,65.9,1.94,14,9534,0
14,68.3,2.15,46,29026,0
1,55.6,2.16,25,12100,0
19,62.4,1.9,20,9280,0
13,53.6,0.3,16,8528,0
13,52.9,1.45,6,3300,0
4,73.3,2.27,45,23130,0
1,63.0,1.85,28,12964,0
17,49.8,1.65,39,28938,0
8,,1.76,34,25908,1
2,52.3,1.75,34,25534,0
8,83.3,0.3,51,28407,0
7,47.3,2.42,39,18564,0
2,74.4,1.41,23,12535,0
22,64.5,2.07,54,30000,0
22,59.2,0.34,12,7488,0
3,70.8,2.83,30,21360,0
18,68.9,0.57,53,26606,0
12,56.6,3.53,44,30000,0
1,56.0,3.2,11,7700,0
22,46.0,0.44,34,16558,0
12,72.3,2.15,11,8470,0
5,50.4,0.69,7,4914,0
17,68.1,0.99,5,2835,0
16,76.3,1.01,40,22760,0
15,70.9,1.86,29,15486,0
23,57.9,1.76,41,18409,0
15,80.7,0.54,5,3695,0
5,62.3,1.85,19,14174,0
21,49.3,1.34,41,21853,0
14,64.0,0.3,17,12682,0
2,76.2,1.15,44,23584,0
11,58.6,2.83,12,7728,0
19,80.3,1.18,9,4572,0
7,57.2,0.3,13,9256,0
6,59.1,2.15,5,3430,0
2,53.4,0.76,40,16800,0
6,77.6,1.67,39,19071,0
18,67.3,1.36,6,4170,0
2,54.3,2.91,44,22484,0
18,62.5,1.36,27,18900,0
15,42.0,0.58,13,6188,0
19,78.9,1.12,38,21888,0
2,65.6,0.52,50,30000,0
20,42.0,1.33,18,9846,0
6,,2.92,8,4000,0
1,62.1,2.5,34,21930,0
24,49.6,3.13,35,18060,1
15,79.1,1.88,42,20622,0
23,73.9,1.61,15,6405,0
10,73.0,0.7,39,16536,0
19,42.0,1.72,12,5484,0
17,60.6,1.4,7,4872,0
5,58.2,2.12,18,9594,0
4,54.6,0.6,17,12410,0
10,62.2,1.54,49,30000,0
24,52.2,0.3,36,15732,0
17,71.0,1.77,38,29982,0
10,78.7,2.04,49,23226,0
17,77.5,0.3,23,12443,0
20,66.1,0.43,42,30000,0
24,,0.46,20,11340,0
5,84.0,1.36,6,3948,0
2,66.6,0.38,44,30000,0
6,61.2,2.6,21,15834,0
21,86.7,1.85,38,23712,0
2,82.1,1.98,46,25346,1
13,48.3,0.3,20,8360,0
11,,2.53,42,22890,1
11,65.8,2.02,6,3840,0
16,55.9,0.95,6,4626,0
11,42.0,0.3,30,23400,0
19,64.2,1.44,17,12631,0
15,67.8,1.13,51,30000,0
23,,1.16,35,15190,0
23,81.4,0.94,38,22382,0
16,59.8,2.08,43,17200,0
11,,0.58,7,3864,0
22,79.6,2.64,12,6300,1
16,69.2,2.3,27,20088,0
8,59.8,1.67,18,14382,0
4,60.5,1.38,31,19375,0
8,73.4,2.37,33,20460,0
4,73.8,1.47,43,26230,0
24,63.9,1.28,43,18232,0
3,42.0,2.41,5,2075,0
3,49.9,3.17,21,12201,0
18,76.7,0.72,45,30000,0
19,42.0,1.84,34,17952,0
19,84.6,0.63,17,7497,0
21,,1.9,25,18375,1
5,68.6,0.88,23,14605,0
18,76.4,2.47,23,17457,0
10,75.4,1.42,29,12557,0
22,66.4,1.54,26,19344,0
21,48.8,2.8,35,27300,0
6,81.5,0.91,21,9324,0
1,87.7,2.05,27,14391,0
5,51.1,0.99,36,15120,0
9,48.2,2.46,14,7294,0
12,66.1,2.93,14,6566,0
14,59.2,1.29,40,30000,0
2,70.0,0.3,12,9120,0
17,,0.95,24,10728,0
14,42.0,3.45,36,15768,0
13,,1.03,54,30000,0
9,62.3,2.92,18,7362,0
15,75.2,1.01,54,23166,0
22,76.7,1.0,32,20576,0
15,,2.12,50,30000,0
24,68.9,2.03,28,13636,0
11,72.1,2.18,19,12217,0
16,72.0,1.5,26,20280,0
17,59.2,2.33,34,24752,0
4,43.4,2.27,8,3312,0
1,50.9,2.42,17,6851,0
8,66.5,1.0,27,15930,0
17,57.0,2.33,12,6804,0
3,57.0,1.08,22,8976,0
20,,1.37,16,8128,0
15,80.0,1.36,35,18760,0
15,64.5,0.7,18,9954,0
24,77.4,0.3,38,29906,0
22,62.1,2.48,22,13376,0
14,69.6,0.94,38,25498,0
23,74.2,1.28,15,8130,0
14,62.2,0.92,45,22410,0
24,58.4,1.29,16,12416,0
2,85.1,1.1,53,30000,1
13,76.6,2.52,19,8892,0
14,42.0,1.03,35,22610,1
24,58.6,2.87,53,30000,0
19,57.1,2.41,33,22275,0
7,,1.12,30,14340,0
3,80.1,1.76,22,11990,0
15,68.3,1.92,36,18360,0
23,48.5,2.17,26,17082,0
14,62.6,2.25,42,20664,0
11,,1.65,21,8652,0
15,64.9,0.74,27,17793,0
13,59.0,2.01,28,14224,1
18,,1.31,54,30000,0
6,90.7,0.73,12,7056,0
3,74.5,1.81,45,22230,0
19,86.2,0.91,10,5040,1
15,59.9,1.13,9,3663,0
23,67.9,1.5,48,22368,0
5,67.6,0.3,33,19470,0
10,69.7,1.61,32,24480,0
7,74.2,1.25,15,9825,0
17,55.1,0.8,5,2040,0
7,77.1,1.54,47,24252,0
22,45.2,0.3,23,15318,0
12,49.3,1.56,13,6474,0
17,,1.88,31,21607,0
13,60.9,1.74,38,30000,0
20,78.2,2.13,48,27024,0
4,91.8,2.43,8,6200,0
10,42.0,1.43,40,21600,0
3,83.8,2.38,22,14674,1
9,,1.43,19,8284,0
13,91.0,0.94,17,8041,0
18,51.5,1.19,23,10856,0
15,88.3,1.71,53,30000,1
4,57.6,2.37,10,5980,0
15,82.8,1.5,52,27508,0
22,67.5,0.96,16,10320,0
2,78.8,2.66,41,29151,0
15,68.7,0.35,21,9639,0
8,42.2,0.97,27,18306,0
8,42.0,2.21,30,15060,0
17,70.9,2.91,33,22935,0
12,64.3,1.88,37,26603,0
19,73.6,1.7,31,22940,0
10,64.5,1.27,29,15950,0
9,,1.94,14,7784,0
5,71.2,1.6,51,30000,0
6,61.7,0.9,27,15606,0
20,,1.25,25,14900,0
2,62.0,0.81,25,15550,0
24,69.3,1.51,47,22936,0
13,51.0,1.63,17,11662,1
6,67.9,2.81,41,27675,0
5,61.3,1.02,37,23495,0
1,52.3,1.36,28,16296,0
21,,2.51,48,29184,0
22,52.8,2.94,15,7935,0
21,68.1,1.88,21,11592,0
6,56.8,1.3,8,3296,0
6,72.2,1.12,51,26571,0
23,50.2,0.3,29,21982,0
16,79.8,0.76,34,21046,0
4,,1.58,13,6565,0
11,56.2,1.36,25,19350,0
24,,2.0,24,11256,0
23,62.7,1.34,23,13662,0
9,89.1,0.92,23,13455,0
23,,1.77,16,7968,1
3,64.7,3.5,41,19721,0
19,46.7,1.25,46,21804,0
8,81.3,1.61,21,16233,0
5,71.1,2.18,41,30000,0
4,75.0,1.04,52,30000,0
24,63.2,2.52,43,30000,0
6,55.6,0.3,32,19616,0
2,84.2,1.17,45,30000,0
20,72.5,1.25,39,30000,0
11,47.8,1.62,51,30000,0
4,77.6,0.3,52,30000,0
15,74.8,2.58,22,11946,0
6,63.4,1.83,18,14094,0
22,90.7,2.4,39,23985,1
17,59.3,2.79,48,30000,0
24,65.6,0.91,45,30000,0
6,78.8,0.5,11,4554,0
19,69.1,2.42,45,27720,0
2,48.6,1.27,17,7378,0
15,70.6,0.59,22,12804,0
11,62.2,1.96,41,27429,1
8,80.0,3.47,17,12869,0
19,70.1,1.41,40,19960,1
13,69.3,2.26,35,14210,0
12,53.3,0.71,6,2574,0
5,64.8,0.3,20,14080,0
6,81.6,2.23,13,7059,0
22,57.1,1.94,13,6630,0
4,67.5,1.13,42,26502,0
19,54.9,2.86,15,8670,0
20,51.4,0.3,26,12246,0
1,66.8,0.52,37,22533,0
20,70.4,1.07,40,24760,0
17,,1.21,49,23471,1
12,61.6,2.67,27,13014,0
15,67.3,1.54,49,21609,0
1,50.5,1.35,49,30000,0
14,76.6,0.48,38,22420,0
6,73.6,2.37,13,7436,0
5,,0.59,28,11368,0
11,,0.48,12,6648,0
4,72.9,1.18,11,4499,0
13,61.4,1.63,40,17320,0
11,70.9,0.92,22,9570,1
3,66.4,2.07,7,2835,0
1,81.3,1.27,32,19648,0
6,79.6,2.34,10,5330,0
18,63.9,1.9,48,30000,0
24,47.5,2.93,48,25200,0
10,,1.15,25,18400,0
5,76.1,2.18,32,18336,0
23,63.5,0.3,44,24244,0
10,75.6,3.81,5,3650,0
12,69.0,2.14,40,17000,0
2,86.5,1.26,25,19550,0
13,,1.29,47,24158,0
8,62.4,1.3,39,30000,0
2,90.4,2.97,17,11611,0
20,75.9,2.22,53,30000,0
1,,1.15,14,6636,0
5,50.9,0.51,48,27120,0
9,83.0,2.46,51,29988,0
17,82.2,2.17,14,6678,0
9,44.5,2.07,50,24450,0
11,63.9,1.43,17,9775,0
15,66.5,1.26,41,17220,0
24,45.3,2.85,42,19026,0
6,64.2,2.92,28,16324,0
23,80.2,2.01,6,4548,0
3,62.5,2.28,26,16146,0
17,71.4,1.69,21,14994,0
5,71.5,0.4,40,29080,0
12,67.8,0.72,18,10404,0
18,58.1,2.42,14,9450,0
14,77.2,2.52,39,19929,0
21,45.8,2.34,29,18067,0
24,68.1,1.78,7,4291,0
11,87.4,2.37,51,23358,0
9,61.7,1.45,42,30000,1
2,57.8,2.0,21,16632,0
12,78.2,1.34,16,8128,0
3,70.3,0.65,28,21952,0
3,78.4,2.19,33,18348,0
1,,2.52,47,27730,1
8,42.0,3.48,29,17371,0
22,84.5,1.71,40,28440,1
8,,0.66,30,17850,0
11,,1.24,42,18228,0
9,42.0,1.39,5,3890,0
5,74.3,1.62,24,18864,0
14,61.5,1.88,32,20640,0
3,52.8,1.79,20,12720,0
21,69.7,2.12,51,25653,0
5,65.9,1.66,21,8526,0
5,75.1,0.3,44,30000,0
19,68.8,1.68,32,12800,0
14,52.3,1.57,16,9888,0
4,59.9,1.94,31,19499,0
13,57.7,1.21,46,26266,1
10,44.0,1.68,51,24786,0
18,48.8,1.94,34,14960,0
8,65.0,1.37,45,23490,0
8,87.9,2.04,38,27740,0
7,60.5,1.56,41,28577,1
8,57.4,1.63,10,7720,0
14,51.5,0.84,11,6347,0
19,68.4,0.58,36,16632,0
6,84.5,0.59,36,20304,1
1,,1.67,29,16994,1
23,72.0,2.52,37,28934,1
15,70.0,1.41,11,6688,0
1,60.4,2.18,16,10016,1
17,62.7,2.02,20,15760,0
1,76.8,1.61,20,8940,0
15,63.6,1.96,47,29281,0
23,65.7,1.7,40,16080,0
2,67.6,1.39,17,13107,0
14,59.7,1.81,11,6314,0
21,67.0,2.66,40,19920,0
8,42.0,1.88,51,26265,0
8,75.7,1.67,13,8697,0
19,,0.8,36,27612,1
7,60.3,2.63,15,9780,0
19,73.2,0.37,12,8592,0
6,79.9,0.3,37,18278,0
6,85.9,1.8,27,18144,0
3,64.3,0.8,29,22591,0
7,42.8,2.37,12,5076,0
19,71.7,0.3,49,25235,0
8,69.8,2.27,26,14300,0
10,63.2,2.16,8,5896,0
20,66.1,1.59,44,19756,0
15,70.0,0.3,7,4235,0
15,73.1,0.3,33,24222,0
1,72.5,1.69,45,21510,0
20,,1.31,33,15477,0
7,73.4,2.08,38,16188,0
4,64.0,1.45,38,25460,0
6,77.0,1.38,32,14368,0
1,59.2,0.44,17,11747,0
5,69.0,2.16,19,12274,0
23,45.3,0.98,27,17901,0
1,62.8,1.18,48,22944,0
4,75.9,0.64,30,23580,0
22,53.5,0.3,8,4712,0
2,63.5,2.68,30,13380,0
10,42.0,2.14,44,30000,0
5,48.8,2.15,13,9789,0
10,52.5,1.33,9,6759,0
1,69.4,0.3,36,21168,0
22,72.7,3.18,24,15720,0
6,67.2,1.84,54,30000,0
13,62.6,1.61,15,11565,0
15,62.7,1.21,19,12160,0
4,78.0,0.3,36,24048,0
13,71.0,2.41,32,12800,0
24,63.3,0.65,26,11258,0
20,,1.94,45,21510,0
24,,2.12,21,13335,1
15,50.6,1.77,30,21990,0
8,75.3,1.88,48,30000,0
5,111.3,2.58,11,8228,1
15,71.9,0.87,46,22862,0
4,69.6,1.63,30,14430,0
12,67.2,1.32,29,17139,0
13,74.9,0.3,14,9128,0
2,78.6,1.73,49,21413,0
19,50.6,2.5,23,9499,0
19,67.6,2.6,15,11865,0
4,42.0,2.99,17,12682,0
4,65.1,0.3,12,8508,0
11,55.4,2.8,44,30000,1
5,72.7,1.65,8,4864,0
20,44.8,2.78,51,30000,0
11,,1.18,35,17080,0
10,,1.08,32,14560,0
8,58.5,0.53,15,7395,0
6,42.0,2.12,47,23124,0
6,71.6,1.91,5,3695,0
8,59.8,0.61,53,25652,0
23,65.4,0.3,51,30000,0
15,57.8,1.83,42,17682,0
14,,1.92,28,19320,0
11,46.2,0.71,51,30000,0
12,,0.55,35,24675,1
13,62.5,2.02,45,23445,0
8,70.6,2.99,50,26350,0
18,60.0,1.1,54,27648,0
1,59.4,0.8,30,20160,0
15,57.0,1.74,53,30000,0
8,76.4,2.01,54,28566,0
11,48.2,1.21,9,4779,0
12,73.1,3.12,24,11616,0
12,42.0,2.22,45,30000,0
4,71.8,1.19,15,11835,0
16,79.9,0.3,37,17760,0
4,50.2,2.56,54,30000,0
5,77.5,2.45,42,19656,0
24,68.7,1.26,31,16957,0
5,,1.78,38,15770,1
8,56.0,1.38,19,13414,0
10,,1.92,36,18144,1
17,42.0,0.68,25,14100,0
9,63.4,0.57,50,30000,0
22,44.2,2.15,9,5364,0
19,,2.25,10,5840,1
14,64.3,1.11,42,30000,0
8,65.6,0.9,26,17264,0
9,74.2,2.42,22,16764,0
22,67.9,0.93,18,8982,0
11,59.7,1.54,14,10374,0
23,50.4,1.44,50,30000,0
1,70.4,0.33,17,10421,1
14,73.3,1.65,35,23695,0
5,77.7,1.58,34,19074,0
21,,1.79,7,3892,0
14,42.0,1.63,34,22100,0
4,,3.21,10,7650,0
22,,2.43,33,16368,0
23,66.3,1.53,12,5004,0
1,42.0,1.6,48,30000,0
22,49.9,2.91,49,30000,0
23,72.6,2.19,47,23312,0
19,72.1,0.52,48,19200,0
8,77.4,2.26,37,22755,0
15,57.1,2.49,21,11151,0
21,71.6,2.79,52,30000,0
15,54.8,1.18,15,7860,0
9,71.6,1.12,17,8177,0
21,68.7,0.75,54,30000,0
9,56.5,1.75,15,8550,0
10,89.8,2.09,35,16030,0
20,44.1,1.09,32,13792,0
21,66.0,1.39,48,26880,0
9,56.2,0.3,10,6830,0
3,93.7,2.71,45,22725,0
20,76.4,0.3,20,10080,0
11,58.9,1.8,8,5016,0
6,64.1,1.69,39,22893,0
2,,1.54,52,24388,0
7,54.8,1.56,30,21510,1
18,43.3,0.69,16,11024,0
2,72.1,1.24,15,7290,1
17,72.4,2.28,41,30000,0
11,77.3,2.51,29,22069,0
12,77.4,1.16,22,10010,0
19,,0.3,23,11776,0
22,43.9,0.88,27,11124,0
24,51.2,2.98,42,17514,0
7,77.3,0.92,22,12782,0
20,52.5,1.42,30,15360,0
6,47.6,2.63,10,6280,0
21,,1.08,8,4560,1
24,45.3,1.37,48,30000,0
1,63.1,2.14,33,19404,0
17,67.2,2.87,38,18164,0
11,86.3,0.98,21,11445,0
22,42.0,2.61,47,27307,0
18,,1.27,47,30000,0
21,55.5,0.79,20,12980,0
17,76.8,1.7,6,4518,0
7,55.3,0.57,38,27094,1
17,,1.88,12,7140,0
20,55.4,4.02,17,12274,0
9,42.0,2.38,46,21620,0
17,57.0,1.42,12,7764,0
20,64.3,2.34,34,18530,0
22,83.2,0.75,36,18180,0
22,50.4,0.89,40,26480,0
8,50.7,1.44,51,30000,0
17,81.4,1.57,34,15946,0
7,48.7,0.47,5,2960,0
1,65.5,1.25,47,21949,0
13,65.8,1.38,43,30000,0
23,71.0,2.73,21,9471,0
19,57.5,0.47,24,18456,0
24,55.0,0.39,28,21336,0
19,72.7,1.64,54,30000,0
17,55.5,2.42,26,19058,0
13,49.0,1.94,33,13464,0
16,85.2,1.74,26,16900,0
8,74.8,1.27,48,30000,0
19,,2.04,13,9061,1
18,79.0,2.16,41,23903,0
1,50.2,1.29,14,8092,0
14,69.3,0.74,40,23880,0
19,,0.75,41,21607,0
15,44.9,2.2,32,13408,0
18,61.7,0.3,32,23264,0
2,81.7,2.84,46,21344,0
22,71.8,1.14,47,27307,0
17,48.5,1.75,25,16000,0
18,61.2,2.06,28,21504,0
6,66.0,0.95,46,19458,1
19,44.4,1.13,44,30000,0
4,78.0,1.61,6,2892,0
1,64.8,0.82,12,8616,0
8,48.5,0.65,52,30000,0
23,47.7,0.72,31,22165,0
7,83.4,2.47,26,12948,0
3,62.7,1.82,41,18901,0
10,84.7,0.87,31,21235,1
10,,2.2,33,13893,0
19,82.3,0.91,7,4277,0
14,60.5,0.3,48,25200,0
2,42.0,2.06,17,7497,0
1,72.4,2.82,49,24353,0
23,,1.95,14,6020,1
23,67.5,0.3,40,22280,0
18,42.0,1.48,13,6643,0
7,58.6,1.28,31,20026,0
8,65.4,1.8,38,19798,0
1,,0.82,5,3360,0
23,42.0,1.23,36,24948,0
3,66.6,0.36,29,23113,1
24,57.0,1.68,33,19998,0
23,92.8,0.39,11,5599,0
8,69.4,1.85,53,30000,0
22,74.6,0.9,7,3185,0
15,66.3,1.01,24,18576,0
5,69.3,2.14,24,10944,0
3,44.9,1.9,34,23460,1
19,53.4,2.58,39,20007,0
1,83.2,0.3,39,30000,0
15,70.9,0.98,53,30000,0
8,62.4,1.61,43,30000,0
2,74.8,1.96,31,22940,0
3,75.1,0.33,30,17910,0
24,,1.85,18,12960,0
14,70.3,1.04,21,12138,0
24,53.1,0.3,22,17248,0
14,66.4,0.9,49,30000,0
11,76.5,1.91,33,22308,0
16,81.9,0.3,24,9960,0
4,45.4,2.01,31,24118,0
20,71.6,1.73,22,10120,0
5,55.4,1.3,8,3624,0
22,60.1,0.3,5,2835,0
21,79.8,0.3,54,22950,0
14,78.4,1.18,5,3675,0
23,58.5,0.6,30,13920,0
16,65.8,1.23,49,24451,0
18,60.5,2.22,24,11352,0
7,,1.28,27,15957,1
10,71.9,1.26,14,7980,0
7,56.2,1.26,15,10080,0
1,86.5,2.31,45,30000,0
23,87.0,2.53,45,26370,0
21,,1.84,9,3798,0
19,,1.61,5,3950,1
16,77.9,1.68,21,12180,0
19,63.1,2.64,26,18876,0
4,65.2,1.88,38,19266,0
18,63.9,2.72,49,30000,0
2,62.3,1.16,45,25245,0
1,85.4,0.43,33,23133,0
15,,0.96,8,4840,0
5,81.6,1.05,9,4293,0
20,77.5,2.78,15,6225,0
11,52.6,2.09,25,18150,1
10,44.0,0.99,39,19305,0
2,50.7,2.15,16,8736,0
3,62.0,1.4,30,12030,0
23,,2.81,23,9407,0
23,58.9,1.23,49,25676,0
12,77.8,0.3,11,5280,0
20,60.6,1.35,51,27489,0
5,,1.23,11,7975,0
5,69.6,0.43,30,16470,0
6,,1.97,44,30000,1
9,54.3,2.64,9,6840,0
2,,0.6,25,18475,1
21,59.7,2.28,18,9504,0
12,49.2,1.01,8,5104,0
3,65.0,1.48,27,12339,0
20,,1.4,46,27462,1
22,80.5,1.48,24,14640,0
12,76.4,1.88,19,14991,0
24,79.1,0.68,54,23976,0
17,57.2,2.53,49,24304,0
10,72.6,1.9,33,22374,0
24,68.0,2.17,12,5064,0
14,,0.88,45,30000,0
23,66.5,0.61,52,30000,0
17,62.7,2.45,23,10189,0
18,51.7,0.57,52,22152,0
19,70.0,1.62,43,29283,0
17,72.1,2.32,50,24800,0
14,51.2,1.4,32,13920,0
9,74.3,2.44,50,25400,1
8,71.3,1.28,31,14074,0
2,82.2,0.48,8,4728,0
13,85.0,1.8,19,11742,0
7,69.3,1.66,39,22776,0
9,53.5,3.65,41,19188,0
22,56.4,0.74,5,3580,0
22,,1.3,7,3703,0
11,70.3,0.92,51,23154,0
14,,1.39,28,21756,0
4,75.0,1.35,31,15376,0
13,78.6,0.8,44,30000,1
2,81.1,1.87,40,19440,1
23,50.9,1.33,38,26334,0
5,72.3,2.58,33,17094,0
11,50.7,0.98,28,16996,0
6,64.0,2.99,28,20524,0
18,77.0,1.72,46,25438,0
21,53.6,2.52,8,3472,0
10,75.8,1.59,7,3346,0
4,47.0,0.88,38,17708,0
9,84.0,1.29,53,30000,0
6,58.7,0.39,27,11691,0
2,53.6,1.41,27,13392,0
17,47.9,1.64,49,27832,0
5,59.9,1.54,9,5112,0
6,42.0,2.56,35,19250,0
12,60.3,1.38,45,21150,0
23,,0.3,10,4020,0
21,65.4,4.34,41,29233,0
10,51.5,0.95,14,6034,0
22,71.2,2.27,44,30000,0
21,69.9,0.3,11,5291,0
6,,1.7,43,19006,0
8,79.1,0.86,42,30000,0
2,72.3,0.76,25,12600,0
12,80.7,1.27,24,9600,0
13,66.1,1.46,7,3220,0
21,66.9,1.32,26,17394,0
7,91.2,1.69,51,29529,1
10,45.1,1.28,8,4984,0
13,81.6,1.56,32,12960,0
17,66.4,1.64,16,8032,0
21,63.9,1.47,42,17178,0
14,60.3,1.36,40,18800,0
2,70.2,0.79,51,24939,1
22,67.4,1.98,45,28125,0
11,62.2,1.27,9,5013,0
1,58.2,1.21,17,10659,0
19,42.0,1.91,27,14175,0
21,57.9,1.67,54,30000,0
4,60.8,0.94,34,16864,0
19,70.1,2.5,41,19393,0
21,,0.55,29,14906,0
11,59.4,0.67,52,30000,0
8,53.7,2.03,31,17639,0
11,58.0,2.9,18,12708,0
4,70.1,1.04,52,30000,0
17,76.2,1.83,51,23205,1
7,78.2,0.55,40,24280,0
8,79.6,0.76,43,18920,0
3,81.6,2.41,20,8620,0
22,64.1,1.79,26,10764,0
2,,2.43,25,11525,0
23,63.0,2.37,25,13850,0
15,69.5,0.3,12,8196,0
24,86.1,0.54,53,30000,0
22,75.9,1.72,20,14380,0
22,42.0,0.3,35,20510,1
5,68.1,0.66,46,24334,0
24,80.1,2.64,14,7364,0
1,49.2,1.07,36,24876,0
4,78.5,2.07,38,19494,0
15,73.5,1.48,13,7774,0
20,84.6,0.96,21,8652,0
19,58.3,0.3,15,10050,0
3,81.9,1.69,36,17568,0
20,70.2,2.66,14,8596,0
11,,0.98,26,17602,1
17,,1.55,21,12642,0
13,,0.3,8,3784,0
11,74.7,0.96,52,22048,0
2,100.5,1.77,51,25500,1
9,76.4,2.09,29,16675,0
2,55.3,1.94,25,12900,0
21,67.5,0.3,41,23165,0
9,78.7,1.13,42,18480,0
9,79.6,0.73,53,30000,0
8,52.2,1.25,5,3825,0
17,52.7,1.41,29,15051,0
1,63.2,2.35,40,19840,0
11,75.5,1.74,21,11424,0
8,77.3,2.63,45,27675,0
10,70.0,0.94,28,17584,1
7,56.3,0.37,6,4272,0
3,,2.66,44,23276,0
3,53.0,1.85,19,14269,0
18,86.2,0.91,36,27936,0
5,78.3,1.85,43,30000,0
12,85.9,2.17,10,5360,0
12,61.8,1.6,5,3615,0
19,66.0,0.92,51,30000,0
6,68.8,1.15,27,18144,0
2,61.3,1.73,43,22188,0
12,71.2,1.66,21,14805,0
19,,2.47,38,29146,1
5,49.8,1.28,45,22185,0
12,58.8,0.73,33,18711,0
17,57.3,3.56,13,7826,0
17,66.7,1.64,17,12580,0
10,66.1,2.17,10,5480,0
23,78.8,1.92,10,5820,0
17,68.5,1.65,24,13224,0
15,72.2,1.32,7,3311,0
12,73.6,0.74,21,16044,0
16,71.4,0.65,53,30000,0
24,77.8,1.76,16,7056,0
19,66.3,0.68,52,30000,0
8,91.0,1.56,51,25500,1
21,,2.03,49,21756,1
17,77.9,2.17,5,2405,0
23,71.2,1.98,21,8736,0
5,76.7,2.27,7,3304,0
22,52.6,2.78,30,12390,0
16,70.5,2.38,19,10564,0
6,57.8,1.66,40,24880,0
8,75.1,1.39,36,19116,0
18,57.8,1.59,36,26532,0
12,63.2,1.28,8,6200,0
15,42.0,2.39,22,17050,0
9,51.6,1.96,53,23638,0
13,73.0,1.2,23,11638,0
15,55.8,2.56,47,23829,0
10,82.9,1.27,39,25896,0
16,,0.74,44,26576,0
7,74.3,1.49,18,8604,1
17,57.3,0.84,37,20498,0
23,73.4,2.25,18,12060,0
21,46.5,0.82,38,24548,0
22,61.7,1.41,8,3344,0
7,56.2,2.25,28,20860,0
14,80.4,0.93,33,14025,0
15,74.5,1.83,23,14168,0
21,50.7,0.72,10,5530,0
7,65.2,1.7,37,20461,0
9,57.2,1.95,53,30000,0
19,81.3,1.47,44,21604,0
16,85.8,1.53,23,16951,0
8,47.8,1.86,5,2900,0
18,79.6,1.28,9,4770,0
23,56.5,2.21,31,21607,0
18,64.5,2.6,20,13480,0
20,68.5,0.76,10,6720,0
7,,2.91,44,20900,1
3,53.9,1.26,17,9792,0
18,79.7,3.1,52,30000,0
10,51.6,1.27,39,28002,0
7,50.6,2.07,23,12190,0
17,68.4,2.06,16,12192,0
14,68.3,1.19,20,8960,0
24,42.0,1.56,47,21338,0
3,,2.65,14,7742,0
12,42.0,1.24,29,21866,0
13,66.0,1.17,24,14376,0
2,,0.58,35,24745,0
3,,2.75,8,6040,0
5,62.9,1.12,48,30000,0
11,47.9,2.46,27,13959,0
8,86.1,1.02,6,3972,0
23,80.1,2.43,26,11570,0
23,61.2,2.15,41,28741,0
12,59.4,1.32,12,9060,0
7,58.0,0.91,11,8789,0
15,63.2,0.98,18,10584,0
24,72.4,0.97,7,4963,0
17,60.1,2.35,54,30000,0
4,61.8,1.63,20,10560,0
22,77.0,0.61,23,10304,0
13,47.2,1.3,22,9328,0
18,62.7,1.4,20,13300,0
1,44.5,0.3,12,6204,0
16,69.5,1.34,37,20091,0
13,42.0,2.08,53,30000,0
10,80.5,1.39,16,8896,0
12,49.6,1.7,15,11205,0
2,43.2,1.89,9,4797,0
23,,1.23,31,24769,0
3,92.0,2.08,16,8752,0
10,78.0,2.67,21,15435,0
2,42.0,0.3,10,4700,0
23,49.2,1.22,37,23384,0
13,62.5,3.36,9,6597,0
13,99.3,1.64,32,22336,1
18,54.9,1.47,18,9954,0
3,55.0,1.29,9,4401,0
7,,2.52,37,27121,0
14,70.7,0.75,54,30000,0
20,82.7,2.24,52,29120,1
17,57.8,1.28,45,19125,0
21,66.6,0.9,23,11960,0
12,86.4,1.32,26,18200,0
16,66.0,1.46,9,5499,0
24,83.7,1.1,6,2772,0
12,73.4,2.39,34,15878,0
15,53.4,0.91,51,30000,0
10,67.8,1.61,43,17243,0
7,81.7,1.93,8,6376,0
20,77.4,1.6,37,18759,0
5,67.4,2.12,17,11645,0
1,42.0,1.15,24,10752,0
17,42.9,2.0,11,5929,0
3,45.8,2.02,19,11723,0
13,60.9,2.27,27,11961,0
14,,0.3,18,12024,0
24,47.3,1.91,27,12879,0
18,82.3,2.22,23,14145,0
4,50.3,1.17,33,25773,0
18,48.8,1.06,24,11928,0
5,69.2,0.94,33,20955,0
16,81.6,0.67,28,19068,0
1,96.8,2.03,22,12056,0
21,76.2,3.33,14,9842,0
14,90.1,1.06,45,20925,0
15,51.0,1.13,12,7596,0
9,,1.51,30,14580,0
15,42.0,0.3,33,15774,0
17,60.9,0.94,14,8456,0
24,75.8,1.45,21,14238,0
4,45.5,0.78,6,4416,0
12,55.0,2.46,10,6530,0
5,52.8,0.46,9,6327,0
5,63.7,2.22,32,24928,0
11,87.9,2.67,45,23805,0
6,68.2,1.81,9,4347,0
7,61.5,1.39,22,14850,0
24,42.0,1.7,30,17580,0
14,74.5,1.15,24,10680,0
24,79.1,0.3,45,30000,0
11,44.2,0.72,53,30000,0
13,67.1,1.49,31,20677,0
2,70.7,0.75,53,30000,0
7,81.5,1.17,16,11536,0
20,57.9,1.88,11,5489,0
4,55.7,1.62,7,3339,0
8,,2.35,14,9394,0
20,,1.74,38,28044,0
22,82.6,1.78,29,16269,0
21,67.7,0.93,39,17277,0
19,82.3,0.44,20,12740,0
13,42.0,1.17,6,3198,0
14,,0.92,28,16548,0
10,52.3,1.37,14,10570,0
11,,0.65,42,28434,0
2,53.1,2.17,26,10842,0
9,56.1,0.92,30,12330,0
17,75.9,1.21,47,27213,1
3,77.2,1.48,43,22446,0
24,61.8,2.4,31,19995,0
6,73.2,2.91,33,20493,0
5,74.9,2.96,51,30000,0
5,73.5,0.47,42,18900,0
22,62.3,1.2,24,11280,0
15,75.1,1.05,31,13857,0
23,87.7,1.8,45,18810,0
17,50.8,1.75,24,15864,0
9,56.2,1.03,48,23184,0
3,68.4,0.97,23,12742,0
20,53.2,0.7,24,10848,0
17,42.8,0.62,39,19734,1
10,,0.46,51,30000,0
3,42.0,2.19,6,4218,0
18,62.4,2.67,34,18156,1
18,78.6,2.58,38,17784,0
17,71.7,2.23,26,10660,0
24,62.6,0.69,7,3794,0
3,52.6,0.56,10,5910,0
3,72.8,0.3,19,14934,0
6,54.2,1.03,31,24087,0
13,71.7,1.57,14,6552,0
24,70.0,0.69,13,5486,0
15,70.1,1.84,37,21460,0
9,59.0,2.02,36,24912,0
4,,1.12,52,21216,0
14,73.0,0.43,10,6700,0
5,64.1,2.6,45,30000,0
2,71.7,1.53,40,19680,0
11,57.2,3.05,6,2496,0
9,62.6,1.57,33,18249,0
24,,1.63,8,5816,1
3,,0.73,5,2740,0
9,66.9,1.16,23,17848,0
3,61.6,0.3,30,19980,0
2,53.4,0.43,29,21083,0
12,73.9,2.09,14,7070,0
10,68.5,1.27,19,14820,0
9,80.8,1.16,26,11284,0
15,79.3,0.91,52,26936,0
8,80.6,1.19,25,10325,1
5,55.1,2.41,26,10738,0
11,77.0,1.62,40,26600,0
2,77.3,0.56,38,20482,0
24,53.7,2.32,34,23562,0
15,63.5,2.88,29,22127,0
6,47.6,1.9,49,25382,0
8,77.4,2.21,32,20384,0
5,77.3,2.48,5,2165,0
16,88.0,0.3,53,30000,0
18,64.8,2.99,49,20041,0
6,74.3,2.38,8,4168,0
5,81.8,1.89,11,5984,0
16,57.4,1.4,53,30000,0
13,55.3,0.43,13,10010,0
5,57.9,1.23,40,26240,0
13,63.1,1.86,23,15341,0
17,55.8,0.62,5,3790,0
18,58.5,1.44,14,5642,0
8,80.3,0.55,40,30000,0
13,66.7,1.19,13,9789,0
19,72.3,0.42,49,24745,0
3,60.3,0.33,50,24200,0
24,59.4,1.77,46,28198,0
8,72.0,1.04,36,18720,0
2,69.8,1.11,36,19116,0
8,78.9,0.99,10,7370,0
13,86.2,3.68,52,30000,0
13,,1.99,42,17556,0
1,80.1,2.07,21,11109,0
6,52.9,0.88,14,5754,0
24,,1.9,54,25920,0
19,57.0,1.32,31,22599,0
16,77.7,0.87,54,30000,0
8,52.8,3.04,39,25779,0
1,65.9,1.96,25,19775,0
16,89.6,1.92,29,15196,1
9,56.6,0.72,32,22592,0
13,,0.48,51,30000,1
11,67.9,1.45,19,14858,0
13,81.7,1.04,8,4312,0
21,73.6,1.99,33,24024,0
10,74.4,2.04,13,5213,0
4,48.0,1.55,31,12617,0
6,61.4,2.16,30,19470,0
7,84.7,1.65,23,12374,0
5,63.2,0.8,32,16736,0
11,69.9,1.34,21,14868,0
13,46.3,1.61,47,29469,1
19,60.5,2.24,45,18405,1
23,83.7,1.68,46,28106,0
10,50.0,1.04,54,27594,0
10,78.0,2.27,24,9768,0
11,70.5,1.8,49,30000,0
21,64.7,2.74,44,30000,0
7,64.1,1.57,43,28036,0
18,61.1,0.67,53,21889,0
4,62.4,2.44,27,17253,0
2,81.0,1.04,51,30000,1
14,62.0,1.74,36,26676,0
13,,1.65,51,27948,0
12,72.2,1.54,37,23495,0
7,59.9,1.36,50,30000,0
2,81.6,0.3,9,5094,0
13,76.7,0.7,47,19693,0
14,44.8,2.4,52,30000,0
17,53.5,1.84,38,28196,1
9,66.4,3.03,44,23496,0
17,45.8,0.67,15,11880,0
8,,1.48,54,28512,1
2,79.5,2.43,7,4851,0
24,67.8,1.05,37,23865,0
13,63.2,1.11,15,8820,0
3,59.6,1.27,20,8860,0
16,42.0,1.14,22,10670,0
6,43.7,1.93,34,15062,0
19,,0.3,52,30000,0
7,90.0,2.81,14,10836,0
10,59.9,0.73,22,17094,0
9,80.7,0.3,42,30000,0
2,75.1,1.49,23,12512,0
15,76.7,1.2,40,18000,0
5,48.0,1.36,17,10897,0
22,42.7,1.75,50,30000,0
4,,2.02,7,3150,0
20,42.0,2.85,14,9310,0
4,65.9,0.95,42,21798,0
18,62.9,2.12,5,2995,0
4,61.6,2.07,31,20057,0
17,72.4,0.61,50,23450,0
12,58.5,0.83,12,8880,0
22,73.5,0.47,50,22800,0
17,70.0,1.86,46,30000,0
10,,1.77,21,9198,1
22,48.6,1.79,13,8944,0
1,68.4,1.26,10,4170,0
22,74.0,1.34,47,29093,0
24,64.4,1.48,29,20648,0
18,49.3,1.18,43,27649,0
18,,2.12,53,30000,0
14,72.7,0.64,32,22496,0
15,50.3,0.87,37,25789,0
12,74.1,1.6,41,27962,0
4,91.8,1.21,13,6149,1
3,67.5,0.61,22,11198,0
20,68.0,1.93,25,14475,0
12,,1.04,6,2586,1
7,54.4,0.82,47,29751,0
11,,1.36,42,28602,1
1,81.6,0.79,44,18656,0
6,55.1,1.47,40,29200,0
15,58.6,1.21,54,30000,0
15,60.7,1.09,47,29375,0
19,,1.09,41,18696,0
11,71.6,2.3,19,11001,0
23,55.7,1.8,32,20192,1
2,72.2,0.3,22,17182,0
14,49.9,2.21,38,28196,0
2,80.9,1.91,26,17836,0
4,78.3,1.87,15,6945,0
17,58.1,2.21,17,10727,0
3,73.0,1.51,8,5504,0
13,69.2,2.0,26,15912,0
9,,1.13,11,7227,0
7,53.5,2.18,47,19599,0
15,65.9,1.67,28,16072,0
23,59.0,0.4,8,5024,0
11,68.6,2.33,32,20000,0
20,75.5,1.4,19,9177,0
2,58.9,1.29,5,3450,0
15,62.9,1.15,7,5383,0
14,81.5,1.2,18,11610,0
20,87.0,1.68,42,21378,0
22,74.9,0.71,54,30000,1
11,66.1,0.3,5,2435,0
3,64.7,0.65,42,19782,0
17,75.7,1.81,42,30000,1
12,71.2,1.37,25,10725,0
24,44.9,2.39,52,29692,0
21,76.0,1.45,33,23364,0
15,56.0,2.17,9,7137,0
16,48.2,0.95,53,30000,0
5,44.6,1.15,14,8064,0
20,,1.51,32,17216,0
6,53.8,1.38,25,14825,0
19,42.0,1.31,54,30000,0
5,63.0,0.8,11,6787,0
3,61.1,0.3,7,3941,0
1,65.9,2.0,49,27440,0
6,59.2,1.92,51,21012,0
15,,1.01,24,16680,0
2,75.2,1.8,23,11224,0
3,61.0,1.37,39,28197,0
17,67.1,2.38,8,3528,0
24,87.8,0.45,9,5481,1
12,81.4,1.4,5,3140,0
18,48.5,1.33,8,5992,0
15,54.4,1.63,16,10784,0
12,57.1,2.73,31,21018,0
16,61.8,1.4,46,29900,0
8,59.7,2.09,27,19143,0
14,68.5,1.38,29,17603,0
17,78.3,2.36,25,18000,0
21,80.6,2.1,28,15092,0
8,63.4,1.23,29,19691,0
15,45.1,1.18,49,21217,0
14,53.4,1.89,50,30000,0
18,60.7,0.98,36,28476,0
20,50.6,1.65,36,15012,0
7,,1.22,9,4104,0
3,51.5,1.79,40,20440,0
12,76.6,1.37,50,20200,0
21,44.5,0.95,46,26726,0
24,77.2,2.38,53,21836,0
3,66.1,1.69,46,30000,0
20,89.2,1.46,43,29412,0
14,52.2,1.84,20,13160,0
15,60.1,0.3,37,18093,0
14,62.8,3.17,53,26659,0
7,65.9,1.52,25,19450,0
17,63.2,0.3,13,7605,0
12,63.4,2.46,10,6490,0
20,63.2,0.9,49,30000,0
4,42.0,2.33,39,18525,0
9,81.9,1.6,43,30000,0
6,,0.3,26,13182,1
16,72.2,1.71,45,24975,0
22,52.1,1.65,9,4329,0
22,53.5,2.42,46,21896,0
21,76.6,1.92,27,17739,0
21,73.4,0.51,21,11046,0
2,64.0,2.3,16,12640,0
24,78.5,1.17,27,18387,0
8,42.0,2.88,20,9740,0
11,78.6,1.22,7,4221,0
13,71.3,1.33,34,14110,0
17,54.1,0.84,26,14300,0
8,47.9,1.1,13,8489,0
21,69.7,0.89,33,19371,0
18,,2.44,51,30000,0
18,64.8,0.43,41,17671,0
14,,2.14,27,18090,0
15,70.7,2.16,17,13532,0
6,,2.6,36,14544,1
11,74.0,1.54,50,30000,0
13,75.6,0.68,51,30000,0
1,85.1,1.36,52,30000,1
6,74.6,1.98,27,15336,0
9,57.1,1.57,49,28420,0
8,43.6,1.79,21,16065,0
11,55.1,2.59,44,25388,1
22,52.5,1.97,25,13550,0
19,77.2,1.66,6,4566,0
24,79.2,0.3,41,26527,0
9,70.5,0.87,10,5260,0
17,50.2,1.18,48,30000,0
12,,0.3,22,9658,0
14,62.2,0.61,34,25636,0
15,76.4,1.29,26,17004,0
16,68.7,1.42,37,20054,0
22,70.9,1.9,34,21726,1
22,76.0,1.34,21,13167,0
20,58.3,1.7,47,30000,0
1,86.3,1.17,36,21492,0
10,45.9,1.53,46,21344,0
8,53.5,1.86,18,14166,0
18,,2.68,14,5740,0
1,76.3,1.09,51,25857,0
2,103.6,1.62,40,17000,0
1,69.0,2.2,38,20900,0
1,91.8,0.35,13,8060,1
9,42.0,3.1,46,30000,0
13,48.2,2.44,32,20352,0
1,80.5,0.3,15,9540,0
13,43.6,1.8,18,11124,0
20,65.2,1.05,43,23650,0
22,84.3,1.18,51,26622,0
7,75.0,1.78,23,12489,0
2,68.2,2.34,19,11172,0
6,,1.13,32,20928,0
7,70.8,1.14,28,13076,0
14,76.1,1.8,12,6036,0
18,58.7,1.96,47,30000,0
15,73.2,0.69,13,7254,0
2,83.1,2.88,51,30000,0
10,64.9,0.99,37,28157,0
23,69.0,2.27,37,25863,0
12,74.8,1.86,23,18285,0
17,75.7,1.99,7,3423,0
8,80.3,1.0,14,10584,0
11,53.8,0.3,44,28820,1
3,60.6,1.48,51,30000,0
6,61.1,1.49,46,28474,0
9,55.3,0.73,5,2040,0
6,42.8,2.23,33,13563,0
9,42.0,1.46,54,30000,0
7,,0.85,38,24434,0
9,46.2,1.97,17,9877,0
18,89.9,1.99,5,3415,0
12,78.4,0.93,38,27018,0
8,62.3,2.49,33,16434,0
8,76.6,3.29,52,30000,0
18,74.0,0.63,51,30000,0
20,52.6,1.35,17,10625,0
15,67.8,1.77,52,30000,0
7,54.3,3.32,53,26606,0
11,77.2,0.91,33,16665,0
20,58.0,0.75,43,30000,0
16,,0.74,28,21476,0
4,66.0,2.48,30,13710,0
6,69.7,0.93,21,10017,0
22,91.3,0.82,11,5214,0
3,64.6,1.68,17,7497,0
9,85.1,1.75,9,6507,0
10,74.7,2.36,30,17400,0
14,87.9,1.57,53,22896,0
11,63.3,1.7,7,3290,0
18,77.7,1.42,11,5005,0
22,67.2,0.46,53,26712,1
12,42.0,1.34,43,25757,0
23,52.7,1.55,5,2500,0
12,76.2,1.14,53,30000,0
13,75.2,0.3,21,14826,0
13,49.9,0.59,47,22231,0
19,71.1,1.47,29,16530,0
19,75.0,2.25,7,5432,0
23,67.5,2.85,19,10298,0
14,78.2,1.35,33,18645,0
4,76.3,0.93,47,30000,0
13,67.5,1.2,36,23760,0
8,60.8,0.66,30,18600,0
23,,2.13,20,9640,0
21,74.5,3.21,29,16849,0
23,48.7,0.95,32,22592,0
19,71.1,0.55,13,5317,0
12,51.9,2.31,5,3975,0
18,54.5,1.75,33,13299,0
6,58.9,1.77,26,19500,0
18,68.6,2.77,20,14700,0
19,73.2,0.41,45,30000,0
22,62.3,0.38,48,30000,0
5,62.9,1.37,45,27630,0
24,61.0,1.55,11,5467,0
9,82.7,1.22,18,9000,0
3,42.0,3.47,33,13464,0
10,63.7,1.25,23,10580,0
19,89.6,1.06,23,16284,0
3,,1.6,6,3270,0
22,,2.28,45,20790,0
15,42.0,0.92,49,25480,0
1,50.6,1.38,19,11875,0
7,75.2,2.3,7,3528,0
12,89.7,2.34,15,9885,0
17,52.0,1.67,50,30000,0
21,62.6,3.43,34,22236,0
24,73.6,3.08,44,26664,0
20,47.7,0.38,22,9394,0
5,75.3,0.3,52,29588,0
4,42.0,2.14,6,4410,0
12,74.9,2.59,36,17100,0
20,54.1,1.32,12,6180,0
24,61.7,1.1,26,12168,0
18,,0.84,10,7530,0
17,74.3,0.57,16,10128,0
19,67.9,2.41,51,20400,0
9,81.6,1.19,44,24904,1
4,44.2,1.74,40,30000,1
21,70.9,0.3,19,11723,0
2,56.9,2.3,32,21504,0
4,80.9,1.97,53,30000,1
2,77.6,0.42,49,30000,0
15,78.1,1.71,22,16412,0
2,91.0,1.5,6,4458,1
4,83.8,1.14,17,9741,0
6,65.8,0.82,49,27881,0
7,68.0,0.97,19,12255,0
10,76.4,1.74,24,11736,0
19,69.9,1.06,33,14784,0
19,77.9,1.32,46,30000,0
22,42.0,2.7,33,18117,0
12,94.3,1.44,7,3717,0
3,68.9,0.3,23,10534,0
13,45.3,1.35,7,5061,0
18,55.2,1.58,18,10764,0
8,42.0,0.84,44,27016,0
21,52.7,2.09,8,6280,0
15,66.0,0.33,15,6720,0
1,89.2,1.39,35,22085,1
3,73.7,0.32,47,30000,0
8,71.3,1.26,36,28116,0
4,52.1,2.07,31,19778,0
16,56.5,1.37,34,26044,0
23,57.5,1.32,47,26649,0
10,58.1,1.52,6,2682,0
12,63.1,1.56,53,23850,0
14,64.1,2.06,13,9074,0
14,63.3,2.06,32,15904,0
2,58.6,2.64,35,21525,0
23,69.9,1.63,38,21888,0
5,63.6,0.3,19,14801,0
5,45.7,2.19,52,24908,0
6,68.5,2.58,29,16936,0
13,66.4,3.47,40,30000,0
9,45.9,2.66,12,9576,0
22,59.7,1.11,13,5538,0
15,76.4,1.65,41,24354,0
14,52.1,1.28,52,30000,0
24,50.6,1.17,49,30000,0
7,63.5,1.41,43,30000,0
20,76.7,2.53,36,18468,0
2,,0.3,21,13461,1
7,77.2,0.7,39,20397,0
6,83.2,2.48,41,28864,0
17,72.9,2.66,23,10925,0
2,58.4,0.97,48,30000,0
3,77.1,2.82,33,23463,0
5,66.8,2.28,11,6545,0
5,73.3,1.29,32,24000,0
1,54.8,0.45,13,5759,0
8,74.5,0.3,32,18720,0
12,66.3,0.97,10,7420,0
24,,2.11,33,21285,0
4,66.8,2.11,21,10143,0
13,64.1,1.13,20,12120,0
23,74.8,1.31,27,14850,0
15,62.3,1.47,35,19425,0
11,45.8,1.33,7,2905,0
10,42.0,1.63,25,14100,0
3,70.6,1.48,30,16320,0
22,61.7,0.3,40,17440,0
14,43.8,1.33,46,30000,0
16,69.5,1.48,41,18204,0
10,66.7,2.29,26,15730,0
10,61.0,0.83,46,21206,0
12,71.5,1.66,16,12080,0
9,86.4,1.95,46,30000,0
1,86.0,1.38,17,7106,0
5,70.0,0.3,15,11460,0
20,66.8,2.31,20,13980,0
8,70.2,2.1,12,4872,0
11,72.3,1.68,44,28512,0
12,64.2,1.53,44,22704,0
1,70.4,0.3,49,22883,0
22,46.0,2.12,6,2598,0
20,69.1,2.69,34,20162,0
11,74.7,0.61,34,24616,0
5,61.1,2.58,16,7264,0
15,66.7,2.41,14,9310,0
5,52.4,0.59,48,21168,0
12,50.5,1.18,15,10440,0
5,71.0,0.38,19,11970,0
17,57.8,1.45,20,15540,0
17,43.1,1.86,21,16653,0
24,52.4,0.44,30,12270,0
12,54.5,1.81,6,4542,0
24,78.8,2.01,54,28458,0
15,70.5,2.02,16,9248,0
15,55.8,1.86,30,23730,0
6,59.8,0.52,27,15984,0
12,,1.4,22,10802,0
20,81.1,1.78,36,27648,0
18,52.3,2.67,53,30000,0
14,84.3,1.5,42,20034,0
2,66.9,1.84,51,24684,0
9,79.2,0.75,7,3003,0
5,65.7,0.58,42,25704,0
20,84.6,0.47,7,3136,0
1,51.8,1.16,34,22576,1
23,64.4,3.15,5,2720,0
3,85.0,1.18,34,15912,0
6,42.0,1.79,49,22393,0
5,67.4,1.95,36,21024,0
21,62.5,0.63,32,14752,0
5,77.6,1.15,25,17675,0
1,,2.0,50,30000,0
17,78.2,1.84,17,9605,0
19,71.4,0.3,31,17670,0
14,68.6,1.98,40,18480,0
12,63.2,1.06,11,6006,0
10,70.9,1.08,26,18330,0
20,,1.82,14,7840,0
21,56.4,2.72,43,23220,0
18,62.4,1.34,19,13927,0
24,66.9,2.44,19,9424,0
11,82.0,0.35,8,4960,1
2,71.1,1.6,36,15912,0
18,81.8,1.07,27,18657,0
7,82.5,1.73,10,7770,0
24,76.3,1.26,28,14196,0
15,53.1,0.43,24,15960,0
11,,0.79,41,20254,0
18,,0.3,24,15864,0
23,68.9,0.45,16,11392,0
12,48.7,1.88,37,29008,0
6,,1.3,32,15040,0
20,71.6,1.68,12,7416,0
23,58.2,2.95,5,2100,0
13,44.0,1.26,41,20131,0
20,45.9,2.01,26,13676,0
16,61.4,1.52,10,4790,0
18,70.7,3.71,25,17775,0
10,87.7,0.91,36,22932,0
23,74.8,0.93,39,30000,0
8,62.7,2.02,19,11039,0
18,73.3,0.9,9,3816,0
21,72.1,1.95,50,27750,0
1,78.4,1.45,54,21816,0
23,67.4,2.19,52,26988,0
8,82.5,0.59,10,6760,1
6,79.5,1.64,29,12093,0
5,69.2,1.87,50,29850,0
15,66.3,1.61,44,20064,1
22,80.9,1.62,33,16236,0
15,58.0,2.46,11,4598,0
2,46.9,0.3,44,30000,0
1,46.8,1.6,17,12784,0
23,56.9,0.53,42,24864,0
23,77.2,2.11,22,13992,0
11,62.1,0.83,6,4716,0
10,70.9,0.48,12,8112,0
18,61.1,2.13,15,9390,0
18,61.2,1.29,37,23384,0
17,53.6,1.79,42,18438,0
8,66.7,2.64,52,30000,1
15,65.5,1.8,31,17112,0
8,73.8,1.64,24,12624,0
17,72.0,1.46,16,10176,0
12,65.2,0.58,47,21338,0
8,46.9,1.33,35,19985,0
14,83.0,3.08,31,15748,0
4,66.8,1.2,36,27108,0
1,69.1,1.38,14,8162,0
1,90.4,2.51,7,5369,0
19,,0.3,49,29253,0
16,,2.0,31,23870,0
14,68.0,0.3,39,30000,0
21,67.8,1.82,35,17010,0
16,,1.48,19,11400,0
5,73.7,1.99,20,14720,0
9,,0.69,17,12257,1
2,,1.07,53,30000,0
18,72.1,2.03,39,23790,0
6,42.0,1.09,15,11850,0
9,54.7,2.1,25,12925,0
1,,1.67,15,8850,1
9,78.1,1.14,34,14994,0
16,74.0,1.25,52,22932,0
13,65.7,1.5,39,27846,0
9,51.4,1.32,26,17550,0
21,91.5,2.08,42,30000,1
13,56.5,1.2,35,14560,0
9,78.2,1.04,18,12276,0
11,49.8,2.23,28,18396,1
4,65.0,1.16,54,24948,0
2,81.9,1.07,53,24433,0
6,64.5,0.49,36,17964,0
14,62.8,0.67,40,16720,0
4,68.1,0.83,36,14976,0
6,49.3,1.07,19,13756,0
19,46.7,0.92,47,30000,0
6,78.0,2.29,39,25155,0
2,62.1,0.88,7,4550,0
18,77.9,0.94,20,9600,0
13,83.7,1.62,9,3942,0
9,84.8,0.62,25,10875,0
23,45.3,2.75,14,11018,0
19,58.2,2.14,23,13708,0
13,75.5,0.57,29,16153,0
11,75.7,2.31,8,4824,0
1,,2.48,33,19635,0
24,55.3,0.59,23,14145,0
22,84.4,0.57,47,30000,0
7,73.2,1.01,6,3570,0
21,45.0,0.37,14,9884,0
15,60.3,0.88,47,25897,0
1,71.7,1.18,29,11977,0
12,44.1,1.9,24,17376,0
7,42.0,1.56,52,28340,1
15,43.3,1.38,23,10488,0
21,71.6,1.11,27,16470,0
19,61.2,0.45,28,18676,0
1,59.3,1.97,15,9135,0
17,59.8,1.96,50,20800,0
17,48.1,1.01,38,26030,0
3,61.6,0.62,32,23776,0
12,42.5,2.74,9,5418,0
6,,1.7,9,4482,0
11,,1.82,25,16950,0
3,,1.85,16,9728,0
8,61.4,0.54,54,28512,0
14,62.3,2.7,8,5872,0
14,65.6,1.18,53,30000,0
10,82.0,2.16,46,29946,0
2,61.5,2.67,24,15936,0
14,66.8,1.57,42,28140,0
9,,0.55,29,17023,1
3,66.4,0.49,18,11034,0
21,92.7,1.47,15,10230,1
8,75.0,1.7,36,21960,1
16,60.2,1.04,15,11460,0
2,57.9,1.61,22,10450,0
6,67.9,1.84,31,16957,0
21,52.2,2.3,22,15840,0
12,55.9,1.32,27,16524,0
5,62.1,1.46,15,7620,0
2,72.1,1.36,25,13200,0
16,,1.53,48,19632,0
5,61.2,1.09,9,4014,0
15,74.5,1.09,27,21006,1
12,,1.14,45,30000,0
4,82.8,1.63,29,14355,0
15,43.9,0.82,45,22590,0
11,79.2,1.14,14,10906,0
16,66.9,2.95,26,19266,0
23,66.3,2.22,23,12535,0
6,63.8,0.73,5,3835,0
14,49.8,2.19,11,4686,0
18,50.5,2.0,8,4952,0
12,79.7,1.42,5,2085,0
11,68.2,0.93,19,10754,0
13,63.7,0.84,44,21164,0
21,74.2,1.68,16,7536,0
23,69.4,0.82,26,18434,0
11,56.9,2.38,26,16978,0
23,,2.6,54,30000,1
16,78.4,1.47,51,30000,0
15,69.8,2.41,21,9177,0
21,60.8,1.17,33,26136,0
15,81.3,0.93,50,30000,0
4,57.0,2.38,18,10782,0
11,55.8,2.76,54,30000,0
19,,3.07,24,13872,0
15,68.4,1.77,54,23436,0
4,57.3,2.19,52,25012,0
21,68.1,1.75,37,29156,0
13,79.9,2.62,47,30000,0
22,76.7,1.85,19,11761,0
19,81.6,2.14,16,8912,0
2,50.5,0.59,44,17732,0
14,81.3,1.32,24,13584,1
4,65.5,2.15,34,20502,1
16,69.2,2.08,42,24906,0
21,84.9,2.22,7,4438,1
20,77.8,1.6,32,19360,0
14,72.9,0.98,30,16470,0
15,42.0,1.45,34,18972,1
3,67.4,1.54,17,11526,0
8,57.0,1.69,17,11951,0
16,78.0,0.73,6,4680,0
10,81.9,1.29,41,23165,0
4,63.8,1.43,53,30000,0
18,58.7,0.3,42,19614,0
2,89.8,2.17,6,2922,0
17,59.6,1.63,40,24640,0
13,,1.71,30,12000,0
4,56.3,1.09,15,8010,0
11,60.2,1.97,12,7008,0
7,55.9,0.83,48,30000,0
12,79.8,0.96,44,23716,0
10,42.0,2.0,47,23735,0
7,55.6,1.79,26,13832,0
13,67.3,0.48,24,12168,0
7,70.9,2.76,12,6924,0
24,,0.89,33,23001,1
17,,1.39,44,30000,0
10,,2.9,30,23370,0
10,42.0,0.3,34,27030,0
24,68.3,0.3,21,15918,0
4,58.6,1.85,24,13080,0
20,51.3,0.48,20,9460,0
4,68.2,0.3,50,25350,0
22,71.2,2.44,47,24487,0
7,,1.17,11,4576,0
22,59.3,3.26,20,11900,0
1,57.3,0.67,49,30000,0
12,62.2,1.25,51,30000,0
24,75.6,1.93,52,30000,0
13,52.9,1.88,31,20181,0
10,59.0,1.3,27,13986,0
15,62.4,0.98,28,15708,0
13,67.9,1.69,13,7761,0
23,71.9,2.6,39,17316,0
22,,2.11,24,17112,1
22,76.0,0.99,41,23698,1
21,76.3,0.71,46,30000,0
22,64.3,0.95,21,9303,0
9,54.3,0.48,51,30000,0
9,60.6,1.62,35,16695,0
15,58.1,2.15,12,8700,0
10,73.5,1.44,19,10963,0
24,44.9,2.88,35,26460,0
10,76.3,2.92,34,13668,0
8,66.4,1.75,50,30000,0
24,78.3,2.06,24,17784,0
16,57.9,0.78,43,20339,0
17,55.4,1.21,16,7200,0
5,62.3,2.52,53,24698,0
4,62.0,1.04,21,15351,0
18,79.3,2.69,46,22632,0
24,79.2,2.39,34,19550,0
19,,2.1,33,17952,1
4,61.1,0.56,23,9338,0
7,42.0,1.25,50,30000,0
10,62.3,2.02,15,11625,0
18,71.2,0.71,38,27398,1
19,78.0,1.35,54,21762,0
4,72.3,2.1,11,5907,0
10,61.1,1.05,48,30000,1
1,,0.82,38,18506,0
23,53.5,0.3,24,9984,0
18,64.2,1.19,54,24354,0
5,52.9,2.12,42,22386,0
15,68.3,0.8,28,17080,0
17,90.2,1.51,14,10136,1
3,,1.32,36,28512,0
12,66.1,0.97,19,11742,0
2,,2.17,41,24764,0
1,64.0,2.81,24,14640,0
23,84.1,2.3,7,4732,0
21,64.5,0.94,41,17343,0
17,63.6,3.09,44,17732,0
22,,2.3,12,6612,0
16,63.6,1.13,44,28952,0
5,,0.88,48,30000,0
15,50.0,2.4,27,20412,0
3,77.5,1.64,44,24948,0
7,91.0,0.82,15,8625,0
11,82.1,1.38,50,30000,1
10,42.0,1.17,12,8280,0
9,59.1,0.84,33,15015,0
14,64.6,2.31,34,17238,0
13,82.1,2.13,14,9730,0
2,49.4,2.17,43,30000,0
3,53.7,2.16,32,22432,0
7,45.5,0.77,53,30000,0
21,56.4,1.02,40,21600,0
18,50.5,2.67,17,9418,0
3,90.4,1.59,36,23796,0
10,58.9,0.32,40,26880,0
22,77.7,1.67,41,25871,0
7,68.3,2.02,30,19200,0
9,68.1,1.92,26,19604,0
17,59.7,0.75,8,5888,0
11,,3.01,35,22995,0
7,70.2,0.3,22,14256,0
24,69.4,1.59,42,19992,0
14,59.7,2.89,28,16212,0
19,62.0,1.97,27,12555,0
4,76.2,2.17,26,18382,0
6,71.2,0.66,6,4482,0
10,69.7,1.78,35,19950,0
7,57.4,1.47,15,6315,0
13,,0.6,32,24512,1
14,61.3,2.19,50,25300,0
4,67.6,0.84,36,25992,0
8,65.4,0.94,9,5634,0
5,,1.85,42,30000,0
1,63.9,1.39,14,8610,0
4,62.6,1.64,44,20592,0
3,69.7,1.34,50,24150,0
9,58.3,2.63,28,14056,0
8,69.6,0.76,39,17082,0
1,,1.13,48,19776,1
6,72.2,1.88,52,30000,0
9,71.7,0.71,27,19224,0
7,57.9,0.67,21,12180,0
4,91.9,1.61,5,3335,0
13,,2.19,35,14420,0
17,79.9,2.3,35,18165,0
2,77.2,1.57,46,30000,0
5,64.7,0.96,46,20976,0
12,73.5,1.72,38,16682,0
21,56.3,1.95,13,10049,0
8,52.2,1.71,26,19110,0
6,47.2,2.49,17,8959,0
8,73.7,0.69,29,16588,0
18,48.7,0.94,52,22568,1
3,61.0,2.38,22,14476,0
22,,0.32,16,12400,0
12,81.9,1.07,44,17776,0
3,59.9,0.91,21,12957,0
22,83.6,0.3,19,7790,0
6,81.1,1.35,46,30000,0
2,53.0,2.1,19,13794,0
23,83.7,1.63,19,9804,0
12,,2.14,43,25069,0
2,61.0,2.45,17,13481,0
6,64.1,1.19,21,15981,0
17,68.0,3.62,36,18540,0
3,62.2,1.22,13,7293,0
2,56.2,1.33,44,20504,0
23,57.5,0.93,24,14376,0
20,69.9,1.94,30,12900,0
8,65.8,1.27,31,14694,0
22,75.4,1.44,25,15900,0
12,68.7,1.34,22,15972,0
4,69.1,1.32,17,7905,0
5,76.3,1.63,20,9380,0
13,87.9,1.14,13,9048,1
15,88.4,1.18,16,6704,0
23,86.8,2.36,48,30000,0
16,80.2,1.27,42,30000,0
10,,1.81,23,13754,0
23,74.1,0.79,11,4818,0
16,72.6,1.14,39,21216,0
12,,0.51,52,23088,1
17,42.0,2.98,22,17468,0
16,65.0,2.6,20,14500,0
12,85.5,1.98,43,30000,0
8,81.7,3.22,8,3920,0
20,,2.12,29,18473,1
3,,1.36,36,16884,0
16,62.0,1.8,44,24860,0
13,63.4,2.59,17,8993,0
23,72.5,0.8,49,30000,0
19,90.7,0.56,21,15519,1
8,,1.82,53,25864,1
22,67.2,1.03,41,30000,0
5,71.5,0.31,10,6510,0
20,59.4,0.51,23,17664,0
8,60.9,1.25,17,12716,0
24,,1.54,30,14130,0
12,90.4,1.56,18,10152,1
1,58.2,3.1,35,15680,0
21,71.4,1.33,8,3608,0
20,64.6,1.72,43,29584,0
6,80.1,0.3,12,8124,0
22,62.6,1.48,29,14877,0
18,42.0,1.77,17,10846,0
8,82.1,0.4,36,19152,0
7,63.8,0.75,42,28266,0
1,65.2,1.89,42,23730,0
21,74.1,1.06,32,24736,0
16,72.9,1.42,34,26248,0
12,74.4,1.93,7,4844,0
6,45.2,3.13,32,20544,0
20,75.8,1.32,7,5033,0
2,42.0,2.92,49,26313,0
14,78.8,0.3,38,18164,1
4,83.7,1.62,20,11380,0
1,48.8,1.23,26,13572,0
23,72.6,1.07,36,20700,0
18,82.8,2.03,42,29358,0
13,61.7,1.33,12,5772,0
2,77.4,0.3,12,5832,0
9,42.0,0.3,10,6240,0
21,,2.08,18,7470,0
2,68.4,0.3,36,25524,0
9,64.4,2.1,39,29523,0
1,81.8,1.6,14,7868,0
11,,1.36,7,3479,0
3,74.8,1.43,16,8880,0
20,,1.91,53,21253,1
23,46.3,0.56,35,26215,0
4,77.3,1.53,33,26268,0
18,66.2,0.59,9,5112,0
23,57.0,1.63,29,20706,0
6,42.0,2.02,45,30000,0
3,76.6,1.63,35,27090,1
22,80.3,1.99,25,12275,0
11,,0.94,24,13920,1
15,84.5,1.45,43,27090,0
22,57.2,1.31,26,18200,0
5,86.1,1.26,8,4376,0
20,87.5,0.86,17,11543,0
10,64.4,1.15,49,28812,0
12,68.4,0.61,46,30000,0
15,54.9,0.3,54,30000,0
17,88.7,0.94,53,30000,0
10,46.8,2.0,24,12648,0
6,75.5,1.69,17,6902,1
18,59.6,0.49,21,9366,0
13,52.5,1.18,40,18080,0
3,42.0,2.05,37,21682,0
24,65.0,1.14,5,2185,0
10,50.3,0.37,19,11875,0
14,68.8,3.31,17,7684,0
6,,1.37,21,16758,0
3,70.8,0.57,28,17444,0
16,,1.64,12,6636,1
7,54.2,1.43,54,24138,0
20,50.1,0.3,31,23250,0
14,53.6,1.57,49,26754,1
9,67.1,2.29,27,21384,0
15,,1.31,50,23150,0
21,44.7,0.3,12,8976,0
3,76.7,1.77,12,6972,0
2,58.2,1.98,30,15720,0
2,64.9,1.03,51,29478,0
3,50.4,1.04,17,7446,0
18,80.3,3.31,43,28337,0
14,67.4,0.97,41,30000,0
20,83.2,0.6,53,21306,0
18,70.5,1.52,32,14816,0
10,42.0,1.96,29,12412,0
2,83.4,1.93,20,15420,0
22,42.0,0.47,6,2460,0
1,42.0,0.97,22,10912,0
4,55.2,2.42,21,15897,0
14,55.3,1.76,34,20468,0
1,87.5,0.51,43,18060,0
14,65.6,2.49,17,7446,0
16,85.5,2.27,36,22392,0
22,60.0,1.26,54,27054,0
14,72.4,2.2,33,14685,0
20,74.6,3.1,50,23250,0
3,77.7,0.66,34,16660,0
3,61.5,1.94,22,12386,0
9,62.7,3.09,17,8670,0
6,63.8,2.02,47,30000,0
13,44.9,0.9,25,13050,0
21,66.8,1.69,34,20128,0
2,62.6,2.6,25,12450,0
8,76.1,0.69,52,30000,0
21,69.3,1.48,21,11718,0
2,86.7,1.31,44,22088,0
4,69.0,0.99,23,18032,0
15,60.1,1.69,19,12920,0
4,,1.42,13,5746,0
13,78.1,2.01,14,6762,0
12,43.2,2.41,48,28320,0
13,,0.48,35,15750,0
14,58.3,1.55,27,21195,0
20,73.8,1.46,34,20706,1
18,75.4,1.66,37,19425,0
6,69.4,1.49,13,6084,0
11,42.0,0.72,51,30000,0
2,44.9,2.66,5,3285,0
23,64.7,3.0,48,28176,0
19,61.0,1.94,39,24531,0
19,68.1,1.98,15,8820,0
5,61.4,1.6,38,15542,0
19,89.4,2.28,20,10260,0
2,42.0,0.45,13,6175,0
10,72.2,1.5,36,20268,0
2,79.6,1.04,19,9196,0
11,77.8,1.62,16,7168,0
18,79.0,2.37,37,26825,0
24,81.0,1.52,49,28224,1
15,59.5,1.21,18,14148,0
9,52.6,0.38,12,9456,0
23,42.0,1.41,12,7404,0
19,62.9,2.04,31,18228,0
9,57.1,0.83,16,11920,0
3,84.3,0.3,5,3145,0
21,64.0,3.32,47,30000,0
9,53.6,1.77,44,27940,0
14,51.4,1.32,46,19550,0
19,,2.61,15,7065,0
7,67.7,1.61,43,28380,1
16,57.1,2.57,47,30000,0
16,69.7,2.5,35,23450,0
1,,0.48,21,10962,0
4,62.5,1.87,37,20091,0
4,77.6,2.88,36,23616,0
7,,0.7,33,17919,1
8,42.0,0.71,25,16450,0
17,59.1,0.85,25,11150,0
5,82.9,2.21,44,30000,0
7,58.2,1.73,27,11124,0
20,73.8,0.3,10,7750,0
20,57.4,1.77,26,15782,0
4,61.8,1.3,54,30000,0
6,60.1,1.41,42,26628,0
7,76.9,0.83,41,22468,0
18,70.8,1.78,49,30000,0
5,69.4,2.34,12,6648,0
20,,0.99,45,25425,1
3,,0.3,53,25917,1
7,42.0,1.26,39,22815,0
22,61.8,2.11,15,10755,0
14,,1.16,28,21196,1
7,60.0,0.3,53,30000,0
5,,2.11,25,15400,1
22,,2.63,6,4764,0
5,64.7,1.52,44,29172,0
23,80.1,0.3,23,11408,0
2,66.7,1.25,43,22188,0
21,74.9,1.62,32,19136,0
22,90.0,0.85,21,15099,1
6,78.6,1.97,10,4200,0
15,70.0,0.77,23,13777,0
21,91.4,1.52,42,30000,1
10,80.3,1.32,32,23680,0
23,57.7,1.99,6,3882,0
24,95.7,1.49,42,28350,0
7,77.0,1.34,41,27183,0
5,65.0,0.86,8,3656,0
1,42.0,1.53,26,18226,0
13,,1.29,30,12900,0
21,,0.8,53,30000,0
18,,1.63,47,23124,0
13,69.2,1.79,40,26560,0
21,43.2,1.23,17,11390,0
21,,2.25,36,17748,0
18,45.3,1.71,21,11613,0
5,44.8,0.47,45,30000,0
13,,2.57,40,27360,1
4,,2.11,50,23950,1
17,52.3,2.3,23,15893,0
3,67.9,1.82,39,18837,0
17,50.0,0.37,50,30000,0
11,67.8,2.37,44,30000,0
21,91.0,1.55,32,13952,1
20,,1.78,5,3705,1
23,79.3,1.93,46,30000,0
21,,3.05,22,13882,0
4,85.7,1.06,52,25584,0
2,77.1,1.08,44,30000,0
20,73.7,0.82,37,18537,1
16,66.4,0.64,16,9040,0
18,72.5,0.66,12,6696,0
8,72.0,0.3,28,11564,0
3,60.4,1.84,20,15440,0
9,57.2,3.09,54,30000,0
20,54.0,3.14,8,3776,0
6,54.9,0.82,42,27216,1
10,65.4,1.28,48,23520,0
21,63.1,2.49,31,19065,0
10,59.3,1.85,13,6357,0
13,58.3,1.61,51,21828,0
17,72.1,1.29,20,14080,0
9,87.3,2.44,16,9904,0
17,67.8,0.64,35,25445,0
24,66.9,1.88,28,17192,0
9,54.9,1.78,18,11160,0
9,64.9,1.53,49,30000,0
1,84.7,2.13,29,12789,0
2,82.5,1.53,38,20292,0
16,81.6,1.07,7,3087,0
1,81.1,1.57,28,15764,0
10,74.1,0.3,46,30000,0
18,73.6,1.99,13,8866,0
8,71.4,2.19,30,13710,1
21,62.2,0.97,24,16824,0
11,69.2,0.78,44,30000,0
23,71.0,1.0,14,5936,0
2,76.9,1.45,23,10856,0
8,69.4,1.67,7,5404,0
22,,2.79,28,14784,1
8,51.1,2.69,9,4374,1
17,78.6,2.17,7,5103,0
15,67.4,1.6,31,17112,0
17,68.0,0.76,20,11620,0
23,56.6,2.84,53,27772,0
24,82.3,1.3,19,8854,0
13,77.1,1.73,39,15795,0
19,79.7,2.0,16,8384,0
5,70.4,1.55,45,30000,0
12,,2.42,48,30000,0
1,67.1,1.86,30,13560,0
23,74.1,2.29,51,23715,0
5,42.0,1.86,38,27094,0
8,80.2,1.47,27,12987,1
13,,1.56,35,17010,1
8,74.7,1.45,54,21654,0
23,64.1,0.47,24,14472,0
11,,0.7,16,8784,0
1,77.9,2.09,27,18684,1
13,64.4,0.49,8,4016,0
19,80.2,1.18,27,11421,1
24,,0.66,52,30000,0
3,92.0,1.13,52,30000,1
24,91.6,1.38,5,2320,0
17,63.4,1.18,29,17632,0
5,66.9,0.36,6,3900,0
20,67.7,1.35,34,26656,0
21,67.9,0.73,7,3612,0
8,54.7,0.99,25,12875,0
14,52.8,2.09,29,18444,1
4,85.5,2.26,24,12096,1
11,,0.45,53,30000,0
20,,2.75,26,11570,1
15,,1.09,25,17750,0
19,,1.02,37,27010,1
7,67.7,0.79,42,25830,0
19,80.1,1.54,19,13300,1
19,48.6,3.09,50,30000,0
11,64.8,0.3,19,8037,0
5,65.8,0.3,50,21700,0
5,67.1,1.71,29,12267,0
22,49.4,1.96,25,10675,0
8,77.9,1.54,28,11620,0
10,82.4,1.98,9,4122,0
6,57.6,0.59,10,6420,0
15,51.9,0.74,53,30000,0
16,57.2,1.6,47,30000,0
17,,2.91,52,30000,0
8,59.6,1.95,48,30000,0
8,66.1,1.99,51,30000,0
9,53.0,0.64,27,15984,0
2,,1.84,8,5872,1
15,69.0,0.55,31,19127,0
18,84.1,2.91,22,11308,1
3,74.9,0.69,25,11675,0
17,67.4,0.86,32,22336,0
4,66.7,0.32,39,28236,0
4,57.8,1.57,26,20696,0
14,61.7,1.54,44,30000,0
9,53.9,2.71,27,12798,0
9,52.4,2.12,7,3514,0
23,,0.87,44,30000,1
18,71.9,2.2,54,30000,0
10,88.5,0.51,14,8596,1
21,56.9,0.93,29,20706,0
4,50.5,1.59,53,23214,0
12,54.3,0.59,12,7896,0
8,62.1,2.35,15,9045,0
2,68.5,3.32,9,3654,0
22,65.9,1.26,49,21952,0
13,,0.98,41,17425,0
21,,1.4,49,27440,0
16,70.5,1.05,42,30000,0
2,77.8,1.71,33,18975,0
11,,0.44,9,4302,0
10,62.9,1.75,13,5213,0
15,,3.03,52,30000,0
17,68.9,0.3,6,3186,0
8,46.6,0.57,5,3375,0
18,,1.14,44,22704,0
23,,1.93,34,19142,0
9,76.7,2.21,15,10305,1
8,69.3,2.15,32,13664,0
14,64.2,0.3,48,30000,0
18,61.5,0.96,16,6400,0
22,84.9,0.78,43,25241,0
20,67.8,1.45,30,13650,0
20,,1.51,17,7378,1
21,68.5,0.4,12,6132,0
12,62.2,1.15,32,21920,0
19,59.6,1.96,34,24106,0
14,57.6,1.0,13,5655,0
17,75.2,1.34,43,26488,1
24,49.9,2.86,35,16765,0
21,56.5,3.09,25,17825,0
3,,0.3,51,24582,0
23,54.6,1.59,38,17632,0
7,,3.83,35,25340,0
17,42.0,1.88,29,15283,0
12,88.3,1.51,16,11296,0
9,50.2,2.55,5,2105,0
15,55.7,1.67,26,15990,0
18,77.5,2.07,44,22264,0
21,71.8,1.33,41,20828,0
13,80.5,1.66,51,30000,0
21,50.1,1.84,5,3780,0
8,64.0,2.19,5,2900,0
14,59.4,1.15,46,30000,0
8,52.5,1.13,46,25898,0
14,76.3,0.3,25,11675,0
7,81.2,1.19,19,13129,0
23,63.3,2.26,21,12159,0
12,89.3,1.87,26,15080,1
11,57.0,0.7,42,23856,0
22,,0.3,39,16419,0
22,75.9,1.39,49,22785,0
11,50.9,2.24,20,8400,0
22,95.7,1.12,12,5988,0
13,61.8,0.34,51,30000,0
18,,1.03,21,14679,0
2,70.0,1.76,21,10542,0
21,73.2,2.49,30,13380,0
15,80.6,1.29,17,7446,0
20,79.8,2.34,21,14364,0
18,63.2,2.26,42,29778,0
15,75.4,0.56,21,10269,0
19,74.4,2.5,52,25168,0
23,71.0,1.74,18,12096,0
24,,0.53,49,30000,0
12,71.0,2.91,10,5870,0
13,,1.4,39,21762,1
22,63.9,0.3,50,30000,0
11,84.9,0.93,18,8496,0
5,59.3,0.74,51,22848,0
1,55.7,0.95,12,6000,0
24,,1.14,19,7619,1
3,75.6,1.29,31,19933,0
22,75.9,1.26,17,9775,0
19,76.3,1.42,53,30000,0
23,87.7,1.97,35,27895,0
7,73.7,0.9,39,17862,0
12,,2.44,10,7520,0
15,53.2,0.52,9,4482,0
5,,1.99,26,19708,0
15,,2.81,53,21253,0
8,,1.36,27,17334,0
10,44.0,1.65,29,20184,0
16,76.8,0.73,38,23180,1
8,42.0,1.09,30,15660,0
1,64.1,2.75,51,30000,0
12,44.1,2.1,9,4329,0
5,76.9,1.83,30,16290,0
3,69.0,0.3,24,18888,0
1,57.2,0.93,10,5390,0
4,88.1,2.89,10,4280,0
8,55.4,1.83,54,30000,1
3,42.0,1.93,22,14718,0
10,75.2,1.64,8,5168,0
2,43.3,1.01,21,8631,0
11,55.9,1.77,18,13572,0
10,60.8,0.3,18,14184,0
21,,0.3,17,12512,0
14,61.1,0.91,11,5555,0
7,48.3,1.65,48,20688,0
2,70.3,0.3,19,8987,0
9,50.8,1.6,23,13110,0
16,68.4,0.7,47,30000,0
13,84.3,0.81,51,23868,0
9,79.0,2.54,48,30000,0
20,66.9,1.53,39,29679,0
4,54.2,0.78,21,11256,0
22,70.2,1.65,39,19461,0
10,58.3,0.32,23,12535,0
22,70.8,1.81,24,9792,0
12,44.0,2.39,40,18440,0
17,,2.03,39,22776,0
14,68.5,3.23,36,15408,0
14,,0.3,52,30000,1
2,86.3,1.6,48,24624,0
21,75.9,0.43,44,23848,1
20,66.3,1.36,28,22092,0
11,57.8,1.5,21,10899,0
16,81.2,3.32,11,6259,0
19,64.8,1.45,47,26132,0
23,84.4,1.44,54,30000,0
6,73.6,2.3,5,3740,0
24,73.7,1.46,39,25701,0
19,76.3,2.96,36,17316,0
5,55.1,2.04,40,25640,0
4,53.7,2.16,17,9707,0
15,53.2,0.3,10,6300,0
4,82.7,3.09,18,10926,0
20,54.8,0.97,41,19434,0
10,56.5,1.49,52,30000,0
24,75.5,0.98,19,14934,0
22,64.5,0.68,51,26163,0
3,62.7,0.54,8,3688,0
5,61.5,1.58,44,30000,0
6,42.0,0.3,20,14380,0
21,54.5,1.31,32,16032,0
22,84.5,2.35,20,15220,0
8,60.4,2.01,8,4872,0
7,42.0,1.85,49,30000,0
21,53.9,0.78,30,12570,0
10,73.0,0.3,32,14624,0
6,72.8,2.33,36,18396,1
14,63.9,1.14,49,30000,0
4,58.4,1.43,6,3570,0
13,48.4,1.34,35,27090,0
20,73.2,2.04,7,5264,0
17,79.7,2.97,12,5892,0
23,,2.67,28,12628,0
7,52.5,0.37,19,13148,0
4,87.1,1.25,47,19129,0
14,67.2,0.42,35,24465,0
3,68.4,2.25,13,6461,0
24,80.5,1.5,43,27305,0
5,60.4,1.98,49,30000,0
16,42.0,1.18,6,4638,0
23,77.9,0.67,12,5616,0
20,,0.81,11,4884,0
4,63.0,0.3,48,25728,0
24,76.7,0.49,43,27219,0
24,79.6,0.32,46,19826,1
2,46.8,0.67,20,13760,0
18,68.3,0.63,39,20475,1
19,42.0,1.82,34,15844,0
19,66.3,1.78,14,6006,0
17,62.8,1.81,42,21546,0
14,74.9,2.44,22,13266,0
19,53.0,1.44,54,23112,0
22,62.1,0.88,9,4770,0
24,42.0,3.27,33,19272,0
13,75.8,2.22,43,28036,0
12,66.8,1.62,38,26030,0
6,69.2,1.57,47,30000,0
21,47.1,1.73,49,30000,0
4,73.6,1.34,27,12447,0
19,91.1,1.6,9,3618,1
16,65.4,1.9,34,15878,0
13,77.1,0.92,10,4240,0
4,55.8,0.3,50,28900,0
23,66.9,0.3,48,25920,1
17,46.6,2.21,8,5040,0
23,79.0,0.3,33,23067,0
1,70.2,1.87,27,15174,0
18,50.9,0.58,10,7100,0
20,56.8,0.59,36,28512,0
17,68.9,0.93,46,24334,0
15,80.9,1.66,22,14190,0
11,88.7,0.47,19,13224,0
22,66.1,1.01,44,25124,0
13,48.9,1.48,36,16668,0
1,71.3,0.53,13,5590,0
17,,2.64,41,18286,0
6,45.3,0.3,14,7406,0
4,54.6,1.33,24,18024,0
20,76.6,2.52,10,7320,0
16,70.2,0.44,52,26468,0
15,60.4,1.41,7,3276,0
15,71.1,1.61,46,21022,0
6,81.7,0.85,15,7575,0
15,66.6,1.44,47,30000,0
14,65.4,1.95,21,15309,0
11,76.2,1.13,36,23580,0
7,64.2,2.11,8,5688,0
9,84.0,1.81,8,4560,0
16,,1.03,21,16422,0
5,55.5,2.4,45,25245,0
20,50.5,0.91,23,15755,0
10,73.2,2.18,9,4230,0
18,50.0,0.92,36,23544,1
3,49.8,1.25,26,20098,0
13,42.0,1.37,10,4540,0
11,62.6,1.77,39,28158,0
17,67.5,0.43,26,20696,0
22,60.8,1.87,5,2010,0
13,87.5,1.42,24,10200,0
6,86.4,1.73,26,18512,0
17,,1.9,52,27300,1
13,68.7,1.82,15,6780,0
19,84.6,0.3,17,10149,1
21,72.3,0.65,46,30000,0
19,70.9,1.77,7,4109,0
10,61.5,1.66,13,7605,0
3,42.0,0.87,16,11264,0
14,76.9,2.09,27,18819,0
19,,1.29,18,10854,0
5,46.6,2.21,37,15170,0
5,67.9,2.47,22,16676,0
20,81.9,1.72,53,30000,0
17,63.0,1.94,45,24525,0
21,,1.01,13,6292,0
10,66.0,2.21,27,13473,0
5,60.6,1.67,14,7042,0
4,85.5,1.26,23,10235,0
6,54.9,0.52,51,22593,0
4,,1.11,9,6093,0
7,55.5,0.61,51,29580,0
7,52.0,2.11,27,15822,0
18,70.1,2.48,34,17442,0
3,60.8,2.23,29,18966,0
1,74.8,3.49,32,24960,0
24,43.7,1.13,38,29602,0
4,52.3,1.98,49,21021,0
6,68.7,0.55,52,30000,0
9,88.6,1.34,51,25347,0
22,73.3,0.32,29,20648,0
14,59.7,1.95,14,10724,0
12,,1.22,18,13104,0
20,58.9,0.3,46,23644,0
24,67.4,0.95,50,30000,0
4,,2.93,34,23120,1
21,51.0,1.83,45,30000,0
24,57.7,2.12,29,19140,1
12,64.4,1.6,18,13140,0
10,67.2,1.35,39,23634,0
22,,1.51,52,30000,0
7,75.1,1.7,38,27626,0
3,69.7,0.62,14,8540,0
23,62.8,2.11,39,23946,0
14,77.0,2.4,15,6585,0
24,75.9,1.34,15,6375,0
10,47.6,1.08,25,10650,0
16,67.6,0.91,25,14725,0
16,80.5,2.91,26,12532,1
22,82.8,1.14,49,30000,0
10,73.2,2.02,11,6259,0
13,64.7,1.35,21,11886,0
6,73.9,1.31,6,3522,0
12,79.3,0.89,16,9088,0
9,69.6,0.72,46,30000,0
13,71.2,2.09,22,13816,0
4,64.5,0.71,15,7440,0
24,49.3,1.87,20,15320,0
11,65.6,1.57,53,21995,0
20,58.5,2.1,22,14916,0
18,58.6,1.01,39,20826,0
11,,2.36,30,12750,0
21,81.3,1.39,20,15020,0
4,44.3,3.57,10,4110,0
18,52.8,0.3,48,22608,0
1,62.9,3.44,47,25004,0
7,59.0,1.4,51,25755,0
6,72.4,1.68,51,30000,0
15,50.6,1.02,52,30000,0
18,81.4,0.3,46,26496,0
24,67.4,1.08,16,10896,0
11,63.2,1.21,17,9044,0
